{"v":"5.1.14","fr":30,"ip":0,"op":44,"w":512,"h":512,"nm":"Shiled Icon","ddd":0,"assets":[{"id":"comp_0","layers":[{"ddd":0,"ind":1,"ty":4,"nm":"Check Mark","sr":1,"ks":{"o":{"a":1,"k":[{"i":{"x":[0.833],"y":[0.833]},"o":{"x":[0.167],"y":[0.167]},"n":["0p833_0p833_0p167_0p167"],"t":23,"s":[0],"e":[100]},{"t":28}],"ix":11},"r":{"a":0,"k":0,"ix":10},"p":{"a":0,"k":[247.962,243.142,0],"ix":2},"a":{"a":0,"k":[121.195,101.59,0],"ix":1},"s":{"a":1,"k":[{"i":{"x":[0.2,0.2,0.2],"y":[1,1,1]},"o":{"x":[0.8,0.8,0.8],"y":[0,0,0]},"n":["0p2_1_0p8_0","0p2_1_0p8_0","0p2_1_0p8_0"],"t":23,"s":[85,85,100],"e":[160,160,100]},{"i":{"x":[0.2,0.2,0.2],"y":[1,1,1]},"o":{"x":[0.8,0.8,0.8],"y":[0,0,0]},"n":["0p2_1_0p8_0","0p2_1_0p8_0","0p2_1_0p8_0"],"t":33,"s":[160,160,100],"e":[100,100,100]},{"t":40}],"ix":6}},"ao":0,"shapes":[{"ty":"gr","it":[{"ind":0,"ty":"sh","ix":1,"ks":{"a":0,"k":{"i":[[0,0],[0,0],[0,0]],"o":[[0,0],[0,0],[0,0]],"v":[[-73.668,12.475],[-29.705,54.063],[73.668,-54.063]],"c":false},"ix":2},"nm":"Path 1","mn":"ADBE Vector Shape - Group","hd":false},{"ty":"st","c":{"a":0,"k":[1,1,1,1],"ix":3},"o":{"a":0,"k":100,"ix":4},"w":{"a":0,"k":19.011,"ix":5},"lc":1,"lj":1,"ml":10,"nm":"Stroke 1","mn":"ADBE Vector Graphic - Stroke","hd":false},{"ty":"tr","p":{"a":0,"k":[121.195,101.59],"ix":2},"a":{"a":0,"k":[0,0],"ix":1},"s":{"a":0,"k":[100,100],"ix":3},"r":{"a":0,"k":0,"ix":6},"o":{"a":0,"k":100,"ix":7},"sk":{"a":0,"k":0,"ix":4},"sa":{"a":0,"k":0,"ix":5},"nm":"Transform"}],"nm":"Group 1","np":2,"cix":2,"ix":1,"mn":"ADBE Vector Group","hd":false},{"ty":"tm","s":{"a":0,"k":0,"ix":1},"e":{"a":1,"k":[{"i":{"x":[0.4],"y":[1]},"o":{"x":[0.6],"y":[0]},"n":["0p4_1_0p6_0"],"t":23,"s":[0],"e":[100]},{"t":36.0009765625}],"ix":2},"o":{"a":0,"k":0,"ix":3},"m":1,"ix":2,"nm":"Trim Paths 1","mn":"ADBE Vector Filter - Trim","hd":false}],"ip":23,"op":70,"st":8,"bm":0},{"ddd":0,"ind":2,"ty":4,"nm":"Fill Shield","sr":1,"ks":{"o":{"a":1,"k":[{"i":{"x":[0.19],"y":[1]},"o":{"x":[0.81],"y":[0]},"n":["0p19_1_0p81_0"],"t":23,"s":[0],"e":[100]},{"t":26.0009765625}],"ix":11},"r":{"a":0,"k":0,"ix":10},"p":{"a":0,"k":[237.437,243.536,0],"ix":2},"a":{"a":0,"k":[200.441,223.378,0],"ix":1},"s":{"a":1,"k":[{"i":{"x":[0.2,0.2,0.2],"y":[1,1,1]},"o":{"x":[0.8,0.8,0.8],"y":[0,0,0]},"n":["0p2_1_0p8_0","0p2_1_0p8_0","0p2_1_0p8_0"],"t":23,"s":[22,22,100],"e":[120,120,100]},{"i":{"x":[0.2,0.2,0.2],"y":[1,1,1]},"o":{"x":[0.8,0.8,0.8],"y":[0,0,0]},"n":["0p2_1_0p8_0","0p2_1_0p8_0","0p2_1_0p8_0"],"t":33,"s":[120,120,100],"e":[100,100,100]},{"t":40}],"ix":6}},"ao":0,"shapes":[{"ty":"gr","it":[{"ind":0,"ty":"sh","ix":1,"ks":{"a":0,"k":{"i":[[38.109,38.198],[0,0],[0,0],[-145.269,-53.804],[0,121.733]],"o":[[0,0],[-38.094,38.198],[0,121.733],[145.268,-53.804],[0,0]],"v":[[0.12,-175.851],[-0.135,-175.851],[-152.913,-106.726],[0.001,175.851],[152.913,-106.726]],"c":true},"ix":2},"nm":"Path 1","mn":"ADBE Vector Shape - Group","hd":false},{"ty":"fl","c":{"a":0,"k":[0.21176470588235294,0.5333333333333333,0.9058823529411765,1],"ix":4},"o":{"a":0,"k":100,"ix":5},"r":1,"nm":"Fill 1","mn":"ADBE Vector Graphic - Fill","hd":false},{"ty":"tr","p":{"a":0,"k":[200.441,223.378],"ix":2},"a":{"a":0,"k":[0,0],"ix":1},"s":{"a":0,"k":[100,100],"ix":3},"r":{"a":0,"k":0,"ix":6},"o":{"a":0,"k":100,"ix":7},"sk":{"a":0,"k":0,"ix":4},"sa":{"a":0,"k":0,"ix":5},"nm":"Transform"}],"nm":"Group 1","np":2,"cix":2,"ix":1,"mn":"ADBE Vector Group","hd":false}],"ip":23,"op":70,"st":8,"bm":0},{"ddd":0,"ind":3,"ty":4,"nm":"Out Line","sr":1,"ks":{"o":{"a":0,"k":100,"ix":11},"r":{"a":0,"k":0,"ix":10},"p":{"a":0,"k":[237.437,243.536,0],"ix":2},"a":{"a":0,"k":[200.441,223.378,0],"ix":1},"s":{"a":1,"k":[{"i":{"x":[0.2,0.2,0.2],"y":[1,1,1]},"o":{"x":[0.8,0.8,0.8],"y":[0,0,0]},"n":["0p2_1_0p8_0","0p2_1_0p8_0","0p2_1_0p8_0"],"t":29,"s":[100,100,100],"e":[120,120,100]},{"i":{"x":[0.2,0.2,0.2],"y":[1,1,1]},"o":{"x":[0.8,0.8,0.8],"y":[0,0,0]},"n":["0p2_1_0p8_0","0p2_1_0p8_0","0p2_1_0p8_0"],"t":33,"s":[120,120,100],"e":[100,100,100]},{"t":40}],"ix":6}},"ao":0,"shapes":[{"ty":"gr","it":[{"ind":0,"ty":"sh","ix":1,"ks":{"a":0,"k":{"i":[[38.109,38.198],[0,0],[0,0],[-145.269,-53.804],[0,121.733]],"o":[[0,0],[-38.094,38.198],[0,121.733],[145.268,-53.804],[0,0]],"v":[[0.12,-175.851],[-0.135,-175.851],[-152.913,-106.726],[0.001,175.851],[152.913,-106.726]],"c":true},"ix":2},"nm":"Path 1","mn":"ADBE Vector Shape - Group","hd":false},{"ty":"st","c":{"a":0,"k":[0.21176470588235294,0.5333333333333333,0.9058823529411765,1],"ix":3},"o":{"a":0,"k":100,"ix":4},"w":{"a":0,"k":19.011,"ix":5},"lc":2,"lj":1,"ml":4,"nm":"Stroke 1","mn":"ADBE Vector Graphic - Stroke","hd":false},{"ty":"tr","p":{"a":0,"k":[200.441,223.378],"ix":2},"a":{"a":0,"k":[0,0],"ix":1},"s":{"a":0,"k":[100,100],"ix":3},"r":{"a":0,"k":0,"ix":6},"o":{"a":0,"k":100,"ix":7},"sk":{"a":0,"k":0,"ix":4},"sa":{"a":0,"k":0,"ix":5},"nm":"Transform"}],"nm":"Group 1","np":2,"cix":2,"ix":1,"mn":"ADBE Vector Group","hd":false},{"ty":"tm","s":{"a":1,"k":[{"i":{"x":[0.3],"y":[1]},"o":{"x":[0.7],"y":[0]},"n":["0p3_1_0p7_0"],"t":3,"s":[100],"e":[0]},{"t":23}],"ix":1},"e":{"a":0,"k":100,"ix":2},"o":{"a":0,"k":0,"ix":3},"m":1,"ix":2,"nm":"Trim Paths 1","mn":"ADBE Vector Filter - Trim","hd":false}],"ip":3,"op":70,"st":3,"bm":0},{"ddd":0,"ind":4,"ty":4,"nm":"Dot","sr":1,"ks":{"o":{"a":1,"k":[{"i":{"x":[0.833],"y":[0.833]},"o":{"x":[0.167],"y":[0.167]},"n":["0p833_0p833_0p167_0p167"],"t":29,"s":[0],"e":[100]},{"i":{"x":[0.2],"y":[1]},"o":{"x":[0.167],"y":[0]},"n":["0p2_1_0p167_0"],"t":31.001,"s":[100],"e":[100]},{"i":{"x":[0.2],"y":[1]},"o":{"x":[0.8],"y":[0]},"n":["0p2_1_0p8_0"],"t":33,"s":[100],"e":[0]},{"t":40}],"ix":11},"r":{"a":0,"k":0,"ix":10},"p":{"a":1,"k":[{"i":{"x":0.2,"y":1},"o":{"x":0.8,"y":0},"n":"0p2_1_0p8_0","t":29,"s":[63.619,181.95,0],"e":[14.619,181.95,0],"to":[-8.16666698455811,0,0],"ti":[8.16666698455811,0,0]},{"t":33}],"ix":2},"a":{"a":0,"k":[14.508,14.508,0],"ix":1},"s":{"a":1,"k":[{"i":{"x":[0.2,0.2,0.2],"y":[1,1,1]},"o":{"x":[0.8,0.8,0.8],"y":[0,0,0]},"n":["0p2_1_0p8_0","0p2_1_0p8_0","0p2_1_0p8_0"],"t":29,"s":[60,60,100],"e":[100,100,100]},{"t":33}],"ix":6}},"ao":0,"shapes":[{"ty":"gr","it":[{"ind":0,"ty":"sh","ix":1,"ks":{"a":0,"k":{"i":[[0,-7.875],[7.874,0],[0,7.875],[-7.875,0]],"o":[[0,7.875],[-7.875,0],[0,-7.875],[7.874,0]],"v":[[14.258,0],[0.001,14.258],[-14.258,0],[0.001,-14.258]],"c":true},"ix":2},"nm":"Path 1","mn":"ADBE Vector Shape - Group","hd":false},{"ty":"fl","c":{"a":0,"k":[1,1,1,1],"ix":4},"o":{"a":0,"k":100,"ix":5},"r":1,"nm":"Fill 1","mn":"ADBE Vector Graphic - Fill","hd":false},{"ty":"tr","p":{"a":0,"k":[14.509,14.508],"ix":2},"a":{"a":0,"k":[0,0],"ix":1},"s":{"a":0,"k":[100,100],"ix":3},"r":{"a":0,"k":0,"ix":6},"o":{"a":0,"k":100,"ix":7},"sk":{"a":0,"k":0,"ix":4},"sa":{"a":0,"k":0,"ix":5},"nm":"Transform"}],"nm":"Group 1","np":2,"cix":2,"ix":1,"mn":"ADBE Vector Group","hd":false}],"ip":23,"op":50,"st":3,"bm":0},{"ddd":0,"ind":5,"ty":4,"nm":"Dot","sr":1,"ks":{"o":{"a":1,"k":[{"i":{"x":[0.833],"y":[0.833]},"o":{"x":[0.167],"y":[0.167]},"n":["0p833_0p833_0p167_0p167"],"t":29,"s":[0],"e":[100]},{"i":{"x":[0.2],"y":[1]},"o":{"x":[0.167],"y":[0]},"n":["0p2_1_0p167_0"],"t":31.001,"s":[100],"e":[100]},{"i":{"x":[0.2],"y":[1]},"o":{"x":[0.8],"y":[0]},"n":["0p2_1_0p8_0"],"t":33,"s":[100],"e":[0]},{"t":40}],"ix":11},"r":{"a":0,"k":0,"ix":10},"p":{"a":1,"k":[{"i":{"x":0.2,"y":1},"o":{"x":0.8,"y":0},"n":"0p2_1_0p8_0","t":29,"s":[418.436,167.692,0],"e":[471.436,167.692,0],"to":[8.83333301544189,0,0],"ti":[-8.83333301544189,0,0]},{"t":33}],"ix":2},"a":{"a":0,"k":[19.836,19.836,0],"ix":1},"s":{"a":1,"k":[{"i":{"x":[0.2,0.2,0.2],"y":[1,1,1]},"o":{"x":[0.8,0.8,0.8],"y":[0,0,0]},"n":["0p2_1_0p8_0","0p2_1_0p8_0","0p2_1_0p8_0"],"t":29,"s":[60,60,100],"e":[100,100,100]},{"t":33}],"ix":6}},"ao":0,"shapes":[{"ty":"gr","it":[{"ind":0,"ty":"sh","ix":1,"ks":{"a":0,"k":{"i":[[0,-10.817],[10.817,0],[0,10.817],[-10.817,0]],"o":[[0,10.817],[-10.817,0],[0,-10.817],[10.817,0]],"v":[[19.586,0],[0,19.586],[-19.586,0],[0,-19.586]],"c":true},"ix":2},"nm":"Path 1","mn":"ADBE Vector Shape - Group","hd":false},{"ty":"fl","c":{"a":0,"k":[0.984000052658,0.929000016755,0.113999998803,1],"ix":4},"o":{"a":0,"k":100,"ix":5},"r":1,"nm":"Fill 1","mn":"ADBE Vector Graphic - Fill","hd":false},{"ty":"tr","p":{"a":0,"k":[19.836,19.836],"ix":2},"a":{"a":0,"k":[0,0],"ix":1},"s":{"a":0,"k":[100,100],"ix":3},"r":{"a":0,"k":0,"ix":6},"o":{"a":0,"k":100,"ix":7},"sk":{"a":0,"k":0,"ix":4},"sa":{"a":0,"k":0,"ix":5},"nm":"Transform"}],"nm":"Group 1","np":2,"cix":2,"ix":1,"mn":"ADBE Vector Group","hd":false}],"ip":23,"op":50,"st":3,"bm":0},{"ddd":0,"ind":6,"ty":4,"nm":"Dot","sr":1,"ks":{"o":{"a":1,"k":[{"i":{"x":[0.833],"y":[0.833]},"o":{"x":[0.167],"y":[0.167]},"n":["0p833_0p833_0p167_0p167"],"t":29,"s":[0],"e":[100]},{"i":{"x":[0.2],"y":[1]},"o":{"x":[0.167],"y":[0]},"n":["0p2_1_0p167_0"],"t":31.001,"s":[100],"e":[100]},{"i":{"x":[0.2],"y":[1]},"o":{"x":[0.8],"y":[0]},"n":["0p2_1_0p8_0"],"t":33,"s":[100],"e":[0]},{"t":40}],"ix":11},"r":{"a":0,"k":0,"ix":10},"p":{"a":1,"k":[{"i":{"x":0.2,"y":1},"o":{"x":0.8,"y":0},"n":"0p2_1_0p8_0","t":29,"s":[304.629,79.239,0],"e":[321.629,32.239,0],"to":[2.83333325386047,-7.83333349227905,0],"ti":[-2.83333325386047,7.83333349227905,0]},{"t":33}],"ix":2},"a":{"a":0,"k":[12.503,12.502,0],"ix":1},"s":{"a":1,"k":[{"i":{"x":[0.2,0.2,0.2],"y":[1,1,1]},"o":{"x":[0.8,0.8,0.8],"y":[0,0,0]},"n":["0p2_1_0p8_0","0p2_1_0p8_0","0p2_1_0p8_0"],"t":29,"s":[60,60,100],"e":[100,100,100]},{"t":33}],"ix":6}},"ao":0,"shapes":[{"ty":"gr","it":[{"ind":0,"ty":"sh","ix":1,"ks":{"a":0,"k":{"i":[[0,-6.767],[6.767,0],[0,6.767],[-6.768,0]],"o":[[0,6.767],[-6.768,0],[0,-6.767],[6.767,0]],"v":[[12.253,0],[0,12.252],[-12.253,0],[0,-12.252]],"c":true},"ix":2},"nm":"Path 1","mn":"ADBE Vector Shape - Group","hd":false},{"ty":"fl","c":{"a":0,"k":[0.984000052658,0.929000016755,0.113999998803,1],"ix":4},"o":{"a":0,"k":100,"ix":5},"r":1,"nm":"Fill 1","mn":"ADBE Vector Graphic - Fill","hd":false},{"ty":"tr","p":{"a":0,"k":[12.503,12.502],"ix":2},"a":{"a":0,"k":[0,0],"ix":1},"s":{"a":0,"k":[100,100],"ix":3},"r":{"a":0,"k":0,"ix":6},"o":{"a":0,"k":100,"ix":7},"sk":{"a":0,"k":0,"ix":4},"sa":{"a":0,"k":0,"ix":5},"nm":"Transform"}],"nm":"Group 1","np":2,"cix":2,"ix":1,"mn":"ADBE Vector Group","hd":false}],"ip":23,"op":50,"st":3,"bm":0},{"ddd":0,"ind":7,"ty":4,"nm":"Dot","sr":1,"ks":{"o":{"a":1,"k":[{"i":{"x":[0.833],"y":[0.833]},"o":{"x":[0.167],"y":[0.167]},"n":["0p833_0p833_0p167_0p167"],"t":29,"s":[0],"e":[100]},{"i":{"x":[0.2],"y":[1]},"o":{"x":[0.167],"y":[0]},"n":["0p2_1_0p167_0"],"t":31.001,"s":[100],"e":[100]},{"i":{"x":[0.2],"y":[1]},"o":{"x":[0.8],"y":[0]},"n":["0p2_1_0p8_0"],"t":33,"s":[100],"e":[0]},{"t":40}],"ix":11},"r":{"a":0,"k":0,"ix":10},"p":{"a":1,"k":[{"i":{"x":0.2,"y":1},"o":{"x":0.8,"y":0},"n":"0p2_1_0p8_0","t":29,"s":[161.591,413.096,0],"e":[135.591,448.096,0],"to":[-4.33333349227905,5.83333349227905,0],"ti":[4.33333349227905,-5.83333349227905,0]},{"t":33}],"ix":2},"a":{"a":0,"k":[14.604,14.604,0],"ix":1},"s":{"a":1,"k":[{"i":{"x":[0.2,0.2,0.2],"y":[1,1,1]},"o":{"x":[0.8,0.8,0.8],"y":[0,0,0]},"n":["0p2_1_0p8_0","0p2_1_0p8_0","0p2_1_0p8_0"],"t":29,"s":[60,60,100],"e":[100,100,100]},{"t":33}],"ix":6}},"ao":0,"shapes":[{"ty":"gr","it":[{"ind":0,"ty":"sh","ix":1,"ks":{"a":0,"k":{"i":[[0,-7.928],[7.927,0],[0,7.928],[-7.928,0]],"o":[[0,7.928],[-7.928,0],[0,-7.928],[7.927,0]],"v":[[14.355,0],[0.001,14.354],[-14.355,0],[0.001,-14.354]],"c":true},"ix":2},"nm":"Path 1","mn":"ADBE Vector Shape - Group","hd":false},{"ty":"fl","c":{"a":0,"k":[0.984000052658,0.929000016755,0.113999998803,1],"ix":4},"o":{"a":0,"k":100,"ix":5},"r":1,"nm":"Fill 1","mn":"ADBE Vector Graphic - Fill","hd":false},{"ty":"tr","p":{"a":0,"k":[14.604,14.604],"ix":2},"a":{"a":0,"k":[0,0],"ix":1},"s":{"a":0,"k":[100,100],"ix":3},"r":{"a":0,"k":0,"ix":6},"o":{"a":0,"k":100,"ix":7},"sk":{"a":0,"k":0,"ix":4},"sa":{"a":0,"k":0,"ix":5},"nm":"Transform"}],"nm":"Group 1","np":2,"cix":2,"ix":1,"mn":"ADBE Vector Group","hd":false}],"ip":23,"op":50,"st":3,"bm":0},{"ddd":0,"ind":8,"ty":4,"nm":"Dot","sr":1,"ks":{"o":{"a":1,"k":[{"i":{"x":[0.833],"y":[0.833]},"o":{"x":[0.167],"y":[0.167]},"n":["0p833_0p833_0p167_0p167"],"t":29,"s":[0],"e":[100]},{"i":{"x":[0.2],"y":[1]},"o":{"x":[0.167],"y":[0]},"n":["0p2_1_0p167_0"],"t":31.001,"s":[100],"e":[100]},{"i":{"x":[0.2],"y":[1]},"o":{"x":[0.8],"y":[0]},"n":["0p2_1_0p8_0"],"t":33,"s":[100],"e":[0]},{"t":40}],"ix":11},"r":{"a":0,"k":0,"ix":10},"p":{"a":1,"k":[{"i":{"x":0.22,"y":1},"o":{"x":0.78,"y":0},"n":"0p22_1_0p78_0","t":29,"s":[308.937,407.11,0],"e":[336.937,439.11,0],"to":[4.66666650772095,5.33333349227905,0],"ti":[-4.66666650772095,-5.33333349227905,0]},{"t":33}],"ix":2},"a":{"a":0,"k":[9.236,9.235,0],"ix":1},"s":{"a":1,"k":[{"i":{"x":[0.2,0.2,0.2],"y":[1,1,1]},"o":{"x":[0.8,0.8,0.8],"y":[0,0,0]},"n":["0p2_1_0p8_0","0p2_1_0p8_0","0p2_1_0p8_0"],"t":29,"s":[60,60,100],"e":[100,100,100]},{"t":33}],"ix":6}},"ao":0,"shapes":[{"ty":"gr","it":[{"ind":0,"ty":"sh","ix":1,"ks":{"a":0,"k":{"i":[[0,-4.963],[4.963,0],[0,4.963],[-4.962,0]],"o":[[0,4.963],[-4.962,0],[0,-4.963],[4.963,0]],"v":[[8.986,-0.001],[0,8.986],[-8.986,-0.001],[0,-8.986]],"c":true},"ix":2},"nm":"Path 1","mn":"ADBE Vector Shape - Group","hd":false},{"ty":"fl","c":{"a":0,"k":[1,1,1,1],"ix":4},"o":{"a":0,"k":100,"ix":5},"r":1,"nm":"Fill 1","mn":"ADBE Vector Graphic - Fill","hd":false},{"ty":"tr","p":{"a":0,"k":[9.236,9.235],"ix":2},"a":{"a":0,"k":[0,0],"ix":1},"s":{"a":0,"k":[100,100],"ix":3},"r":{"a":0,"k":0,"ix":6},"o":{"a":0,"k":100,"ix":7},"sk":{"a":0,"k":0,"ix":4},"sa":{"a":0,"k":0,"ix":5},"nm":"Transform"}],"nm":"Group 1","np":2,"cix":2,"ix":1,"mn":"ADBE Vector Group","hd":false}],"ip":23,"op":50,"st":3,"bm":0},{"ddd":0,"ind":9,"ty":4,"nm":"Dot","sr":1,"ks":{"o":{"a":1,"k":[{"i":{"x":[0.833],"y":[0.833]},"o":{"x":[0.167],"y":[0.167]},"n":["0p833_0p833_0p167_0p167"],"t":29,"s":[0],"e":[100]},{"i":{"x":[0.2],"y":[1]},"o":{"x":[0.167],"y":[0]},"n":["0p2_1_0p167_0"],"t":31.001,"s":[100],"e":[100]},{"i":{"x":[0.2],"y":[1]},"o":{"x":[0.8],"y":[0]},"n":["0p2_1_0p8_0"],"t":33,"s":[100],"e":[0]},{"t":40}],"ix":11},"r":{"a":0,"k":0,"ix":10},"p":{"a":1,"k":[{"i":{"x":0.22,"y":1},"o":{"x":0.78,"y":0},"n":"0p22_1_0p78_0","t":29,"s":[388.379,330.458,0],"e":[433.879,346.958,0],"to":[7.58333349227905,2.75,0],"ti":[-7.58333349227905,-2.75,0]},{"t":33}],"ix":2},"a":{"a":0,"k":[18.222,18.223,0],"ix":1},"s":{"a":1,"k":[{"i":{"x":[0.2,0.2,0.2],"y":[1,1,1]},"o":{"x":[0.8,0.8,0.8],"y":[0,0,0]},"n":["0p2_1_0p8_0","0p2_1_0p8_0","0p2_1_0p8_0"],"t":29,"s":[60,60,100],"e":[100,100,100]},{"t":33}],"ix":6}},"ao":0,"shapes":[{"ty":"gr","it":[{"ind":0,"ty":"sh","ix":1,"ks":{"a":0,"k":{"i":[[0,-9.926],[9.926,0],[0,9.926],[-9.925,0]],"o":[[0,9.926],[-9.925,0],[0,-9.926],[9.926,0]],"v":[[17.972,-0.001],[0,17.973],[-17.972,-0.001],[0,-17.973]],"c":true},"ix":2},"nm":"Path 1","mn":"ADBE Vector Shape - Group","hd":false},{"ty":"fl","c":{"a":0,"k":[1,1,1,1],"ix":4},"o":{"a":0,"k":100,"ix":5},"r":1,"nm":"Fill 1","mn":"ADBE Vector Graphic - Fill","hd":false},{"ty":"tr","p":{"a":0,"k":[18.222,18.223],"ix":2},"a":{"a":0,"k":[0,0],"ix":1},"s":{"a":0,"k":[100,100],"ix":3},"r":{"a":0,"k":0,"ix":6},"o":{"a":0,"k":100,"ix":7},"sk":{"a":0,"k":0,"ix":4},"sa":{"a":0,"k":0,"ix":5},"nm":"Transform"}],"nm":"Group 1","np":2,"cix":2,"ix":1,"mn":"ADBE Vector Group","hd":false}],"ip":23,"op":50,"st":3,"bm":0},{"ddd":0,"ind":10,"ty":4,"nm":"Dot","sr":1,"ks":{"o":{"a":1,"k":[{"i":{"x":[0.833],"y":[0.833]},"o":{"x":[0.167],"y":[0.167]},"n":["0p833_0p833_0p167_0p167"],"t":29,"s":[0],"e":[100]},{"i":{"x":[0.2],"y":[1]},"o":{"x":[0.167],"y":[0]},"n":["0p2_1_0p167_0"],"t":31.001,"s":[100],"e":[100]},{"i":{"x":[0.2],"y":[1]},"o":{"x":[0.8],"y":[0]},"n":["0p2_1_0p8_0"],"t":33,"s":[100],"e":[0]},{"t":40}],"ix":11},"r":{"a":0,"k":0,"ix":10},"p":{"a":1,"k":[{"i":{"x":0.19,"y":1},"o":{"x":0.81,"y":0},"n":"0p19_1_0p81_0","t":29,"s":[57.094,117.172,0],"e":[12.094,82.172,0],"to":[-7.5,-5.83333349227905,0],"ti":[7.5,5.83333349227905,0]},{"t":33}],"ix":2},"a":{"a":0,"k":[6,6,0],"ix":1},"s":{"a":1,"k":[{"i":{"x":[0.2,0.2,0.2],"y":[1,1,1]},"o":{"x":[0.8,0.8,0.8],"y":[0,0,0]},"n":["0p2_1_0p8_0","0p2_1_0p8_0","0p2_1_0p8_0"],"t":29,"s":[60,60,100],"e":[100,100,100]},{"t":33}],"ix":6}},"ao":0,"shapes":[{"ty":"gr","it":[{"ind":0,"ty":"sh","ix":1,"ks":{"a":0,"k":{"i":[[0,-3.176],[3.175,0],[0,3.176],[-3.176,0]],"o":[[0,3.176],[-3.176,0],[0,-3.176],[3.175,0]],"v":[[5.75,0],[0,5.75],[-5.75,0],[0,-5.75]],"c":true},"ix":2},"nm":"Path 1","mn":"ADBE Vector Shape - Group","hd":false},{"ty":"fl","c":{"a":0,"k":[0.984000052658,0.929000016755,0.113999998803,1],"ix":4},"o":{"a":0,"k":100,"ix":5},"r":1,"nm":"Fill 1","mn":"ADBE Vector Graphic - Fill","hd":false},{"ty":"tr","p":{"a":0,"k":[6,6],"ix":2},"a":{"a":0,"k":[0,0],"ix":1},"s":{"a":0,"k":[100,100],"ix":3},"r":{"a":0,"k":0,"ix":6},"o":{"a":0,"k":100,"ix":7},"sk":{"a":0,"k":0,"ix":4},"sa":{"a":0,"k":0,"ix":5},"nm":"Transform"}],"nm":"Group 1","np":2,"cix":2,"ix":1,"mn":"ADBE Vector Group","hd":false}],"ip":23,"op":50,"st":3,"bm":0},{"ddd":0,"ind":11,"ty":4,"nm":"line Confetti","sr":1,"ks":{"o":{"a":0,"k":100,"ix":11},"r":{"a":0,"k":0,"ix":10},"p":{"a":0,"k":[33.48,425.939,0],"ix":2},"a":{"a":0,"k":[34.993,29.871,0],"ix":1},"s":{"a":0,"k":[100,100,100],"ix":6}},"ao":0,"shapes":[{"ty":"gr","it":[{"ind":0,"ty":"sh","ix":1,"ks":{"a":0,"k":{"i":[[0,0],[0,0]],"o":[[0,0],[0,0]],"v":[[-25.488,20.366],[25.488,-20.366]],"c":false},"ix":2},"nm":"Path 1","mn":"ADBE Vector Shape - Group","hd":false},{"ty":"st","c":{"a":0,"k":[0.49411764705882355,0.8274509803921568,0.12941176470588237,1],"ix":3},"o":{"a":0,"k":100,"ix":4},"w":{"a":0,"k":19.011,"ix":5},"lc":2,"lj":1,"ml":10,"nm":"Stroke 1","mn":"ADBE Vector Graphic - Stroke","hd":false},{"ty":"tr","p":{"a":0,"k":[34.993,29.871],"ix":2},"a":{"a":0,"k":[0,0],"ix":1},"s":{"a":0,"k":[100,100],"ix":3},"r":{"a":0,"k":0,"ix":6},"o":{"a":0,"k":100,"ix":7},"sk":{"a":0,"k":0,"ix":4},"sa":{"a":0,"k":0,"ix":5},"nm":"Transform"}],"nm":"Group 1","np":2,"cix":2,"ix":1,"mn":"ADBE Vector Group","hd":false},{"ty":"tm","s":{"a":1,"k":[{"i":{"x":[0.2],"y":[1]},"o":{"x":[0.8],"y":[0]},"n":["0p2_1_0p8_0"],"t":29,"s":[100],"e":[0]},{"t":40}],"ix":1},"e":{"a":1,"k":[{"i":{"x":[0.2],"y":[1]},"o":{"x":[0.8],"y":[0]},"n":["0p2_1_0p8_0"],"t":33,"s":[100],"e":[0]},{"t":40}],"ix":2},"o":{"a":0,"k":0,"ix":3},"m":1,"ix":2,"nm":"Trim Paths 1","mn":"ADBE Vector Filter - Trim","hd":false}],"ip":29,"op":40,"st":3,"bm":0},{"ddd":0,"ind":12,"ty":4,"nm":"line Confetti","sr":1,"ks":{"o":{"a":0,"k":100,"ix":11},"r":{"a":0,"k":0,"ix":10},"p":{"a":0,"k":[432.232,448.096,0],"ix":2},"a":{"a":0,"k":[35.806,38.41,0],"ix":1},"s":{"a":0,"k":[100,100,100],"ix":6}},"ao":0,"shapes":[{"ty":"gr","it":[{"ind":0,"ty":"sh","ix":1,"ks":{"a":0,"k":{"i":[[0,0],[0,0]],"o":[[0,0],[0,0]],"v":[[26.301,28.904],[-26.301,-28.904]],"c":false},"ix":2},"nm":"Path 1","mn":"ADBE Vector Shape - Group","hd":false},{"ty":"st","c":{"a":0,"k":[0.49411764705882355,0.8274509803921568,0.12941176470588237,1],"ix":3},"o":{"a":0,"k":100,"ix":4},"w":{"a":0,"k":19.011,"ix":5},"lc":2,"lj":1,"ml":10,"nm":"Stroke 1","mn":"ADBE Vector Graphic - Stroke","hd":false},{"ty":"tr","p":{"a":0,"k":[35.806,38.41],"ix":2},"a":{"a":0,"k":[0,0],"ix":1},"s":{"a":0,"k":[100,100],"ix":3},"r":{"a":0,"k":0,"ix":6},"o":{"a":0,"k":100,"ix":7},"sk":{"a":0,"k":0,"ix":4},"sa":{"a":0,"k":0,"ix":5},"nm":"Transform"}],"nm":"Group 1","np":2,"cix":2,"ix":1,"mn":"ADBE Vector Group","hd":false},{"ty":"tm","s":{"a":1,"k":[{"i":{"x":[0.2],"y":[1]},"o":{"x":[0.8],"y":[0]},"n":["0p2_1_0p8_0"],"t":29,"s":[100],"e":[0]},{"t":40}],"ix":1},"e":{"a":1,"k":[{"i":{"x":[0.2],"y":[1]},"o":{"x":[0.8],"y":[0]},"n":["0p2_1_0p8_0"],"t":33,"s":[100],"e":[0]},{"t":40}],"ix":2},"o":{"a":0,"k":0,"ix":3},"m":1,"ix":2,"nm":"Trim Paths 1","mn":"ADBE Vector Filter - Trim","hd":false}],"ip":29,"op":40,"st":3,"bm":0},{"ddd":0,"ind":13,"ty":4,"nm":"line Confetti","sr":1,"ks":{"o":{"a":0,"k":100,"ix":11},"r":{"a":0,"k":0,"ix":10},"p":{"a":0,"k":[59.78,38.781,0],"ix":2},"a":{"a":0,"k":[35.806,38.409,0],"ix":1},"s":{"a":0,"k":[100,100,100],"ix":6}},"ao":0,"shapes":[{"ty":"gr","it":[{"ind":0,"ty":"sh","ix":1,"ks":{"a":0,"k":{"i":[[0,0],[0,0]],"o":[[0,0],[0,0]],"v":[[26.301,28.904],[-26.301,-28.904]],"c":false},"ix":2},"nm":"Path 1","mn":"ADBE Vector Shape - Group","hd":false},{"ty":"st","c":{"a":0,"k":[0.49411764705882355,0.8274509803921568,0.12941176470588237,1],"ix":3},"o":{"a":0,"k":100,"ix":4},"w":{"a":0,"k":19.011,"ix":5},"lc":2,"lj":1,"ml":10,"nm":"Stroke 1","mn":"ADBE Vector Graphic - Stroke","hd":false},{"ty":"tr","p":{"a":0,"k":[35.806,38.41],"ix":2},"a":{"a":0,"k":[0,0],"ix":1},"s":{"a":0,"k":[100,100],"ix":3},"r":{"a":0,"k":0,"ix":6},"o":{"a":0,"k":100,"ix":7},"sk":{"a":0,"k":0,"ix":4},"sa":{"a":0,"k":0,"ix":5},"nm":"Transform"}],"nm":"Group 1","np":2,"cix":2,"ix":1,"mn":"ADBE Vector Group","hd":false},{"ty":"tm","s":{"a":1,"k":[{"i":{"x":[0.2],"y":[1]},"o":{"x":[0.8],"y":[0]},"n":["0p2_1_0p8_0"],"t":33,"s":[0],"e":[100]},{"t":40}],"ix":1},"e":{"a":1,"k":[{"i":{"x":[0.2],"y":[1]},"o":{"x":[0.8],"y":[0]},"n":["0p2_1_0p8_0"],"t":29,"s":[0],"e":[100]},{"t":40}],"ix":2},"o":{"a":0,"k":0,"ix":3},"m":1,"ix":2,"nm":"Trim Paths 1","mn":"ADBE Vector Filter - Trim","hd":false}],"ip":29,"op":40,"st":3,"bm":0},{"ddd":0,"ind":14,"ty":4,"nm":"line Confetti","sr":1,"ks":{"o":{"a":0,"k":100,"ix":11},"r":{"a":0,"k":0,"ix":10},"p":{"a":0,"k":[440.339,39.461,0],"ix":2},"a":{"a":0,"k":[51.98,43.445,0],"ix":1},"s":{"a":0,"k":[100,100,100],"ix":6}},"ao":0,"shapes":[{"ty":"gr","it":[{"ind":0,"ty":"sh","ix":1,"ks":{"a":0,"k":{"i":[[0,0],[0,0]],"o":[[0,0],[0,0]],"v":[[-42.474,33.939],[42.474,-33.939]],"c":false},"ix":2},"nm":"Path 1","mn":"ADBE Vector Shape - Group","hd":false},{"ty":"st","c":{"a":0,"k":[0.49411764705882355,0.8274509803921568,0.12941176470588237,1],"ix":3},"o":{"a":0,"k":100,"ix":4},"w":{"a":0,"k":19.011,"ix":5},"lc":2,"lj":1,"ml":10,"nm":"Stroke 1","mn":"ADBE Vector Graphic - Stroke","hd":false},{"ty":"tr","p":{"a":0,"k":[51.98,43.445],"ix":2},"a":{"a":0,"k":[0,0],"ix":1},"s":{"a":0,"k":[100,100],"ix":3},"r":{"a":0,"k":0,"ix":6},"o":{"a":0,"k":100,"ix":7},"sk":{"a":0,"k":0,"ix":4},"sa":{"a":0,"k":0,"ix":5},"nm":"Transform"}],"nm":"Group 1","np":2,"cix":2,"ix":1,"mn":"ADBE Vector Group","hd":false},{"ty":"tm","s":{"a":1,"k":[{"i":{"x":[0.2],"y":[1]},"o":{"x":[0.8],"y":[0]},"n":["0p2_1_0p8_0"],"t":33,"s":[0],"e":[100]},{"t":40}],"ix":1},"e":{"a":1,"k":[{"i":{"x":[0.2],"y":[1]},"o":{"x":[0.8],"y":[0]},"n":["0p2_1_0p8_0"],"t":29,"s":[0],"e":[100]},{"t":40}],"ix":2},"o":{"a":0,"k":0,"ix":3},"m":1,"ix":2,"nm":"Trim Paths 1","mn":"ADBE Vector Filter - Trim","hd":false}],"ip":29,"op":40,"st":3,"bm":0}]}],"layers":[{"ddd":0,"ind":1,"ty":0,"nm":"Pre-comp 1","refId":"comp_0","sr":1,"ks":{"o":{"a":0,"k":100,"ix":11},"r":{"a":0,"k":0,"ix":10},"p":{"a":0,"k":[256,256,0],"ix":2},"a":{"a":0,"k":[248,241,0],"ix":1},"s":{"a":0,"k":[103.021,103.021,100],"ix":6}},"ao":0,"w":492,"h":484,"ip":0,"op":70,"st":0,"bm":0}],"markers":[]}