{"v":"4.8.0","meta":{"g":"LottieFiles AE 3.5.8","a":"","k":"","d":"","tc":""},"fr":30,"ip":0,"op":300,"w":500,"h":500,"nm":"Chrome liquid fillup icon Lottie JSON animation","ddd":0,"assets":[{"id":"comp_0","layers":[{"ddd":0,"ind":1,"ty":0,"nm":"Pre-comp 1","refId":"comp_1","sr":1,"ks":{"o":{"a":0,"k":100,"ix":11},"r":{"a":1,"k":[{"i":{"x":[0.667],"y":[1]},"o":{"x":[0.333],"y":[0]},"t":15,"s":[0]},{"t":30,"s":[360]}],"ix":10},"p":{"a":0,"k":[500,500,0],"ix":2},"a":{"a":0,"k":[500,500,0],"ix":1},"s":{"a":1,"k":[{"i":{"x":[0.667,0.667,0.667],"y":[1,1,1]},"o":{"x":[0.333,0.333,0.333],"y":[0,0,0]},"t":0,"s":[100,100,100]},{"i":{"x":[0.667,0.667,0.667],"y":[1,1,1]},"o":{"x":[0.333,0.333,0.333],"y":[0,0,0]},"t":15,"s":[80,80,100]},{"i":{"x":[0.667,0.667,0.667],"y":[1,1,1]},"o":{"x":[0.333,0.333,0.333],"y":[0,0,0]},"t":30,"s":[100,100,100]},{"i":{"x":[0.667,0.667,0.667],"y":[1,1,1]},"o":{"x":[0.333,0.333,0.333],"y":[0,0,0]},"t":45,"s":[80,80,100]},{"t":60,"s":[100,100,100]}],"ix":6}},"ao":0,"w":1000,"h":1000,"ip":0,"op":120,"st":0,"bm":0},{"ddd":0,"ind":2,"ty":4,"nm":"Layer 1","sr":1,"ks":{"o":{"a":0,"k":100,"ix":11},"r":{"a":0,"k":0,"ix":10},"p":{"a":0,"k":[499.958,500.122,0],"ix":2},"a":{"a":0,"k":[0,0,0],"ix":1},"s":{"a":1,"k":[{"i":{"x":[0.667,0.667,0.667],"y":[1,1,1]},"o":{"x":[0.333,0.333,0.333],"y":[0,0,0]},"t":0,"s":[100,100,100]},{"i":{"x":[0.667,0.667,0.667],"y":[1,1,1]},"o":{"x":[0.333,0.333,0.333],"y":[0,0,0]},"t":15,"s":[80,80,100]},{"i":{"x":[0.667,0.667,0.667],"y":[1,1,1]},"o":{"x":[0.333,0.333,0.333],"y":[0,0,0]},"t":30,"s":[100,100,100]},{"i":{"x":[0.667,0.667,0.667],"y":[1,1,1]},"o":{"x":[0.333,0.333,0.333],"y":[0,0,0]},"t":45,"s":[80,80,100]},{"i":{"x":[0.667,0.667,0.667],"y":[1,1,1]},"o":{"x":[0.333,0.333,0.333],"y":[0,0,0]},"t":60,"s":[100,100,100]},{"i":{"x":[0.667,0.667,0.667],"y":[1,1,1]},"o":{"x":[0.333,0.333,0.333],"y":[0,0,0]},"t":75,"s":[80,80,100]},{"i":{"x":[0.667,0.667,0.667],"y":[1,1,1]},"o":{"x":[0.333,0.333,0.333],"y":[0,0,0]},"t":90,"s":[100,100,100]},{"i":{"x":[0.667,0.667,0.667],"y":[1,1,1]},"o":{"x":[0.333,0.333,0.333],"y":[0,0,0]},"t":105,"s":[80,80,100]},{"i":{"x":[0.667,0.667,0.667],"y":[1,1,1]},"o":{"x":[0.333,0.333,0.333],"y":[0,0,0]},"t":120,"s":[100,100,100]},{"i":{"x":[0.667,0.667,0.667],"y":[1,1,1]},"o":{"x":[0.333,0.333,0.333],"y":[0,0,0]},"t":135,"s":[80,80,100]},{"i":{"x":[0.667,0.667,0.667],"y":[1,1,1]},"o":{"x":[0.333,0.333,0.333],"y":[0,0,0]},"t":149,"s":[100,100,100]},{"i":{"x":[0.667,0.667,0.667],"y":[1,1,1]},"o":{"x":[0.333,0.333,0.333],"y":[0,0,0]},"t":165,"s":[80,80,100]},{"t":180,"s":[100,100,100]}],"ix":6}},"ao":0,"shapes":[{"ty":"gr","it":[{"ind":0,"ty":"sh","ix":1,"ks":{"a":0,"k":{"i":[[261.548,0.141],[1.203,-257.337],[-254.084,-2.441],[0.168,260.032]],"o":[[-258.808,-0.14],[-1.223,261.52],[260.684,2.504],[0.315,-256.002]],"v":[[0.154,-468.339],[-468.304,-2.465],[-4.736,468.317],[468.309,0.038]],"c":true},"ix":2},"nm":"Path 1","mn":"ADBE Vector Shape - Group","hd":false},{"ty":"fl","c":{"a":0,"k":[0,0.866666674614,0.701960802078,1],"ix":4},"o":{"a":0,"k":100,"ix":5},"r":1,"bm":0,"nm":"Fill 1","mn":"ADBE Vector Graphic - Fill","hd":false},{"ty":"tr","p":{"a":0,"k":[0,0],"ix":2},"a":{"a":0,"k":[0,0],"ix":1},"s":{"a":0,"k":[100,100],"ix":3},"r":{"a":0,"k":0,"ix":6},"o":{"a":0,"k":100,"ix":7},"sk":{"a":0,"k":0,"ix":4},"sa":{"a":0,"k":0,"ix":5},"nm":"Transform"}],"nm":"Group 1","np":2,"cix":2,"bm":0,"ix":1,"mn":"ADBE Vector Group","hd":false}],"ip":0,"op":60,"st":0,"bm":0}]},{"id":"comp_1","layers":[{"ddd":0,"ind":1,"ty":4,"nm":"Layer 4","sr":1,"ks":{"o":{"a":0,"k":100,"ix":11},"r":{"a":0,"k":0,"ix":10},"p":{"a":0,"k":[507.383,500.122,0],"ix":2},"a":{"a":0,"k":[0,0,0],"ix":1},"s":{"a":0,"k":[100,100,100],"ix":6}},"ao":0,"shapes":[{"ty":"gr","it":[{"ind":0,"ty":"sh","ix":1,"ks":{"a":0,"k":{"i":[[19.74,43.186],[137.99,0],[53.846,-117.802],[0,0],[0,0],[0,0],[140.69,-310.876],[137.994,0],[53.844,117.809],[0,0],[-55.248,-130.099],[-102.653,13.545]],"o":[[-53.846,-117.802],[-137.99,0],[-77.449,211.634],[102.653,13.545],[55.247,-130.099],[0,0],[-53.844,117.808],[-137.994,0],[-82.79,-225.916],[0,0],[0,0],[102.654,-13.545]],"v":[[303.281,-141.791],[-7.426,-341.448],[-318.133,-141.791],[-206.873,75.735],[-51.977,-58.473],[96.077,-179.487],[303.286,141.779],[-7.426,341.448],[-318.138,141.779],[-111.429,-77.456],[36.626,43.558],[191.522,177.766]],"c":false},"ix":2},"nm":"Path 1","mn":"ADBE Vector Shape - Group","hd":false},{"ty":"st","c":{"a":0,"k":[1,1,1,1],"ix":3},"o":{"a":0,"k":100,"ix":4},"w":{"a":0,"k":56,"ix":5},"lc":2,"lj":2,"bm":0,"nm":"Stroke 1","mn":"ADBE Vector Graphic - Stroke","hd":false},{"ty":"tr","p":{"a":0,"k":[0,0],"ix":2},"a":{"a":0,"k":[0,0],"ix":1},"s":{"a":0,"k":[100,100],"ix":3},"r":{"a":0,"k":0,"ix":6},"o":{"a":0,"k":100,"ix":7},"sk":{"a":0,"k":0,"ix":4},"sa":{"a":0,"k":0,"ix":5},"nm":"Transform"}],"nm":"Group 1","np":2,"cix":2,"bm":0,"ix":1,"mn":"ADBE Vector Group","hd":false},{"ty":"tm","s":{"a":1,"k":[{"i":{"x":[0.667],"y":[1]},"o":{"x":[0.333],"y":[0]},"t":0,"s":[87.85]},{"i":{"x":[0.833],"y":[1]},"o":{"x":[0.333],"y":[0]},"t":15,"s":[78]},{"i":{"x":[0.833],"y":[1]},"o":{"x":[0.167],"y":[0]},"t":30,"s":[78]},{"t":45,"s":[88]}],"ix":1},"e":{"a":0,"k":100,"ix":2},"o":{"a":1,"k":[{"i":{"x":[0.667],"y":[1]},"o":{"x":[0.333],"y":[0]},"t":0,"s":[0]},{"i":{"x":[0.833],"y":[1]},"o":{"x":[0.333],"y":[0]},"t":15,"s":[-80.5]},{"i":{"x":[0.833],"y":[1]},"o":{"x":[0.167],"y":[0]},"t":30,"s":[-80.5]},{"t":45,"s":[-208]}],"ix":3},"m":1,"ix":2,"nm":"Trim Paths 1","mn":"ADBE Vector Filter - Trim","hd":false}],"ip":0,"op":120,"st":0,"bm":0},{"ddd":0,"ind":2,"ty":4,"nm":"Layer 3","sr":1,"ks":{"o":{"a":0,"k":100,"ix":11},"r":{"a":0,"k":0,"ix":10},"p":{"a":0,"k":[508.782,500.122,0],"ix":2},"a":{"a":0,"k":[0,0,0],"ix":1},"s":{"a":0,"k":[100,100,100],"ix":6}},"ao":0,"shapes":[{"ty":"gr","it":[{"ind":0,"ty":"sh","ix":1,"ks":{"a":0,"k":{"i":[[19.737,-43.183],[137.994,0],[53.844,117.809],[0,0],[-55.248,-130.099],[-98.786,16.83],[0,0],[137.99,0],[53.846,-117.802],[0,0],[0,0],[0,0]],"o":[[-53.844,117.808],[-137.994,0],[-82.79,-225.916],[0,0],[0,0],[245.356,-41.801],[-53.846,-117.802],[-137.99,0],[-77.449,211.634],[102.653,13.545],[55.248,-130.099],[0,0]],"v":[[301.888,141.779],[-8.824,341.448],[-319.536,141.779],[-112.827,-77.456],[35.228,43.558],[190.124,177.766],[301.883,-141.791],[-8.824,-341.448],[-319.531,-141.791],[-208.272,75.735],[-53.376,-58.473],[94.679,-179.487]],"c":false},"ix":2},"nm":"Path 1","mn":"ADBE Vector Shape - Group","hd":false},{"ty":"st","c":{"a":0,"k":[1,1,1,1],"ix":3},"o":{"a":0,"k":100,"ix":4},"w":{"a":0,"k":56,"ix":5},"lc":2,"lj":2,"bm":0,"nm":"Stroke 1","mn":"ADBE Vector Graphic - Stroke","hd":false},{"ty":"tr","p":{"a":0,"k":[0,0],"ix":2},"a":{"a":0,"k":[0,0],"ix":1},"s":{"a":0,"k":[100,100],"ix":3},"r":{"a":0,"k":0,"ix":6},"o":{"a":0,"k":100,"ix":7},"sk":{"a":0,"k":0,"ix":4},"sa":{"a":0,"k":0,"ix":5},"nm":"Transform"}],"nm":"Group 1","np":2,"cix":2,"bm":0,"ix":1,"mn":"ADBE Vector Group","hd":false},{"ty":"tm","s":{"a":1,"k":[{"i":{"x":[0.667],"y":[1]},"o":{"x":[0.333],"y":[0]},"t":0,"s":[87.85]},{"i":{"x":[0.833],"y":[1]},"o":{"x":[0.333],"y":[0]},"t":15,"s":[77.4]},{"i":{"x":[0.833],"y":[1]},"o":{"x":[0.167],"y":[0]},"t":30,"s":[77.4]},{"t":45,"s":[87.85]}],"ix":1},"e":{"a":0,"k":100,"ix":2},"o":{"a":1,"k":[{"i":{"x":[0.667],"y":[1]},"o":{"x":[0.333],"y":[0]},"t":0,"s":[0]},{"i":{"x":[0.833],"y":[1]},"o":{"x":[0.333],"y":[0]},"t":15,"s":[-74]},{"i":{"x":[0.833],"y":[1]},"o":{"x":[0.167],"y":[0]},"t":30,"s":[-74]},{"t":45,"s":[-197]}],"ix":3},"m":1,"ix":2,"nm":"Trim Paths 1","mn":"ADBE Vector Filter - Trim","hd":false}],"ip":0,"op":120,"st":0,"bm":0}]},{"id":"comp_2","layers":[{"ddd":0,"ind":1,"ty":4,"nm":"Fill","sr":1,"ks":{"o":{"a":0,"k":100,"ix":11},"r":{"a":0,"k":0,"ix":10},"p":{"a":0,"k":[250,250,0],"ix":2},"a":{"a":0,"k":[250,250,0],"ix":1},"s":{"a":0,"k":[100,100,100],"ix":6}},"ao":0,"hasMask":true,"masksProperties":[{"inv":false,"mode":"a","pt":{"a":1,"k":[{"i":{"x":0.667,"y":1},"o":{"x":0.333,"y":0},"t":0,"s":[{"i":[[-12.319,3.775],[0,0],[-7.539,-5.864],[0,0],[-9.897,12.93],[0,0],[-12.824,-10.465],[0,0],[-22.764,11.585],[0,0],[-9.017,-8.145],[0,0],[-23.199,9.399],[0,0],[-18.127,-7.101],[0,0],[-24.511,9.355],[0,0],[-31.592,-12.754],[0,0],[-26.417,14.768],[0,0],[-9.303,-8.965],[0,0],[-11.487,8.019],[0,0],[-9.961,-6.202],[0,0],[-9.381,5.437],[0,0],[-31.923,-9.966],[0,0],[-30.042,15.021],[0,0],[-25.547,-12.18],[0,0],[-17.215,5.835],[0,0],[-13.8,-4.239],[0,0],[-23.14,10.237],[0,0],[-33.468,-10.081],[0,0],[-26.522,12.377],[0,0],[-27.507,-10.607],[0,0],[-25.076,6.478],[0,0],[-22.083,-6.901],[0,0],[-13.97,11.885],[0,0],[-10.559,-12.067],[0,0],[-12.14,7.103],[0,0],[-25.256,-9.769],[0,0],[-27.607,8.707],[0,0],[-22.733,-11.139],[0,0],[0,-11.191],[0,0],[16.215,0.029],[0,0],[0,16.173],[0,0]],"o":[[0,0],[9.132,-2.798],[0,0],[12.853,9.996],[0,0],[10.06,-13.144],[0,0],[19.789,16.15],[0,0],[10.829,-5.511],[0,0],[18.575,16.778],[0,0],[18.043,-7.311],[0,0],[24.429,9.57],[0,0],[31.83,-12.149],[0,0],[28.064,11.33],[0,0],[11.277,-6.304],[0,0],[10.088,9.721],[0,0],[9.622,-6.717],[0,0],[9.204,5.731],[0,0],[28.934,-16.769],[0,0],[32.061,10.009],[0,0],[25.314,-12.657],[0,0],[16.408,7.823],[0,0],[13.673,-4.635],[0,0],[24.188,7.429],[0,0],[31.965,-14.142],[0,0],[28.024,8.441],[0,0],[26.716,-12.467],[0,0],[24.165,9.319],[0,0],[22.402,-5.787],[0,0],[17.506,5.471],[0,0],[12.213,-10.39],[0,0],[9.262,10.585],[0,0],[23.372,-13.676],[0,0],[26.998,10.443],[0,0],[24.143,-7.615],[0,0],[10.049,4.924],[0,0],[0,16.214],[0,0],[-16.173,-0.029],[0,0],[0,-12.885]],"v":[[-26.77,465.971],[-0.067,457.788],[26.526,462.678],[45.175,477.183],[86.46,471.86],[112.114,438.345],[153.936,433.45],[184.943,458.754],[254.952,466.264],[311.519,437.475],[344.472,441.848],[361.128,456.891],[429.432,468.955],[479.4,448.709],[535.73,448.383],[566.535,460.451],[642.594,460.785],[685.981,444.225],[784.649,445.167],[852.114,472.404],[938.281,466.966],[1004.511,429.94],[1039.165,434.42],[1061.139,455.595],[1098.269,458.523],[1115.639,446.397],[1147.921,445.549],[1169.543,459.012],[1199.744,459.49],[1227.097,443.638],[1322.593,432.963],[1427.528,465.723],[1524.324,457.913],[1577.386,431.381],[1657.983,430.625],[1680.007,441.125],[1732.443,444.224],[1749.469,438.453],[1791.727,437.844],[1872.995,462.805],[1946.38,458.451],[2003.364,433.24],[2104.768,426.947],[2191.985,453.217],[2276.682,447.106],[2298.688,436.837],[2383.551,433.926],[2456.343,461.996],[2532.059,466.363],[2579.228,454.178],[2647.286,455.883],[2681.377,466.536],[2731.942,456.232],[2754.476,437.062],[2795.542,440.086],[2795.542,440.086],[2832.417,446.085],[2854.834,432.968],[2931.793,426.785],[2976.794,444.192],[3061.147,446.874],[3110.889,431.186],[3183.914,436.677],[3232.081,460.279],[3248.5,486.609],[3248.5,2622.95],[3219.125,2652.271],[-18.232,2646.377],[-47.5,2617.056],[-47.5,494.006]],"c":true}]},{"i":{"x":0.667,"y":1},"o":{"x":0.333,"y":0},"t":120,"s":[{"i":[[-12.319,3.775],[0,0],[-7.539,-5.864],[0,0],[-9.897,12.93],[0,0],[-12.824,-10.465],[0,0],[-22.764,11.585],[0,0],[-9.017,-8.145],[0,0],[-23.199,9.399],[0,0],[-18.127,-7.101],[0,0],[-24.512,9.355],[0,0],[-31.592,-12.754],[0,0],[-26.417,14.768],[0,0],[-9.303,-8.965],[0,0],[-11.487,8.019],[0,0],[-9.961,-6.202],[0,0],[-9.381,5.437],[0,0],[-31.923,-9.966],[0,0],[-30.042,15.021],[0,0],[-25.547,-12.18],[0,0],[-17.215,5.835],[0,0],[-13.8,-4.239],[0,0],[-23.14,10.237],[0,0],[-33.468,-10.081],[0,0],[-26.522,12.377],[0,0],[-27.507,-10.607],[0,0],[-25.076,6.478],[0,0],[-22.084,-6.901],[0,0],[-13.97,11.885],[0,0],[-10.559,-12.067],[0,0],[-12.14,7.103],[0,0],[-25.256,-9.769],[0,0],[-27.607,8.707],[0,0],[-22.733,-11.139],[0,0],[0,-11.191],[0,0],[16.215,0.029],[0,0],[0,16.173],[0,0]],"o":[[0,0],[9.132,-2.798],[0,0],[12.853,9.996],[0,0],[10.06,-13.144],[0,0],[19.789,16.15],[0,0],[10.829,-5.511],[0,0],[18.575,16.778],[0,0],[18.043,-7.311],[0,0],[24.429,9.57],[0,0],[31.83,-12.149],[0,0],[28.064,11.33],[0,0],[11.277,-6.304],[0,0],[10.088,9.721],[0,0],[9.622,-6.717],[0,0],[9.204,5.731],[0,0],[28.934,-16.769],[0,0],[32.062,10.009],[0,0],[25.314,-12.657],[0,0],[16.408,7.823],[0,0],[13.673,-4.635],[0,0],[24.188,7.429],[0,0],[31.965,-14.142],[0,0],[28.024,8.441],[0,0],[26.716,-12.467],[0,0],[24.165,9.319],[0,0],[22.402,-5.787],[0,0],[17.506,5.471],[0,0],[12.213,-10.39],[0,0],[9.262,10.585],[0,0],[23.372,-13.676],[0,0],[26.998,10.443],[0,0],[24.143,-7.615],[0,0],[10.049,4.924],[0,0],[0,16.214],[0,0],[-16.173,-0.029],[0,0],[0,-12.885]],"v":[[-2138.77,17.971],[-2112.067,9.788],[-2085.474,14.678],[-2066.825,29.183],[-2025.54,23.86],[-1999.886,-9.655],[-1958.064,-14.55],[-1927.057,10.754],[-1857.048,18.264],[-1800.481,-10.525],[-1767.528,-6.152],[-1750.872,8.891],[-1682.568,20.955],[-1632.6,0.709],[-1576.27,0.383],[-1545.465,12.451],[-1469.406,12.785],[-1426.019,-3.775],[-1327.351,-2.833],[-1259.886,24.404],[-1173.719,18.966],[-1107.489,-18.06],[-1072.835,-13.58],[-1050.861,7.595],[-1013.731,10.523],[-996.361,-1.603],[-964.079,-2.451],[-942.457,11.012],[-912.256,11.49],[-884.903,-4.362],[-789.407,-15.037],[-684.472,17.723],[-587.676,9.912],[-534.614,-16.619],[-454.017,-17.375],[-431.993,-6.875],[-379.557,-3.776],[-362.531,-9.547],[-320.273,-10.156],[-239.005,14.805],[-165.62,10.451],[-108.636,-14.76],[-7.232,-21.053],[79.985,5.217],[164.682,-0.894],[186.688,-11.163],[271.551,-14.074],[344.343,13.996],[420.059,18.363],[467.228,6.178],[535.287,7.883],[569.377,18.536],[619.942,8.232],[642.476,-10.938],[683.542,-7.914],[683.542,-7.914],[720.417,-1.915],[742.834,-15.032],[819.793,-21.215],[864.794,-3.808],[949.147,-1.126],[998.889,-16.814],[1071.914,-11.323],[1120.081,12.279],[1136.5,38.609],[1136.5,2174.95],[1107.125,2204.271],[-2130.232,2198.377],[-2159.5,2169.056],[-2159.5,46.006]],"c":true}]},{"i":{"x":0.667,"y":1},"o":{"x":0.333,"y":0},"t":121,"s":[{"i":[[-12.319,3.775],[0,0],[-7.539,-5.864],[0,0],[-9.897,12.93],[0,0],[-12.824,-10.465],[0,0],[-22.764,11.585],[0,0],[-9.017,-8.145],[0,0],[-23.199,9.399],[0,0],[-18.127,-7.101],[0,0],[-24.512,9.355],[0,0],[-31.592,-12.754],[0,0],[-26.417,14.768],[0,0],[-9.303,-8.965],[0,0],[-11.487,8.019],[0,0],[-9.961,-6.202],[0,0],[-9.381,5.437],[0,0],[-31.923,-9.966],[0,0],[-30.042,15.021],[0,0],[-25.547,-12.18],[0,0],[-17.215,5.835],[0,0],[-13.8,-4.239],[0,0],[-23.14,10.237],[0,0],[-33.468,-10.081],[0,0],[-26.522,12.377],[0,0],[-27.507,-10.607],[0,0],[-25.076,6.478],[0,0],[-22.084,-6.901],[0,0],[-13.97,11.885],[0,0],[-10.559,-12.067],[0,0],[-12.14,7.103],[0,0],[-25.256,-9.769],[0,0],[-27.607,8.707],[0,0],[-22.733,-11.139],[0,0],[0,-11.191],[0,0],[16.215,0.029],[0,0],[0,16.173],[0,0]],"o":[[0,0],[9.132,-2.798],[0,0],[12.853,9.996],[0,0],[10.06,-13.144],[0,0],[19.789,16.15],[0,0],[10.829,-5.511],[0,0],[18.575,16.778],[0,0],[18.043,-7.311],[0,0],[24.429,9.57],[0,0],[31.83,-12.149],[0,0],[28.064,11.33],[0,0],[11.277,-6.304],[0,0],[10.088,9.721],[0,0],[9.622,-6.717],[0,0],[9.204,5.731],[0,0],[28.934,-16.769],[0,0],[32.061,10.009],[0,0],[25.314,-12.657],[0,0],[16.408,7.823],[0,0],[13.673,-4.635],[0,0],[24.188,7.429],[0,0],[31.965,-14.142],[0,0],[28.024,8.441],[0,0],[26.716,-12.467],[0,0],[24.165,9.319],[0,0],[22.402,-5.787],[0,0],[17.506,5.471],[0,0],[12.213,-10.39],[0,0],[9.262,10.585],[0,0],[23.372,-13.676],[0,0],[26.998,10.443],[0,0],[24.143,-7.615],[0,0],[10.049,4.924],[0,0],[0,16.214],[0,0],[-16.173,-0.029],[0,0],[0,-12.885]],"v":[[-26.77,17.971],[-0.067,9.788],[26.526,14.678],[45.175,29.183],[86.46,23.86],[112.114,-9.655],[153.936,-14.55],[184.943,10.754],[254.952,18.264],[311.519,-10.525],[344.472,-6.152],[361.128,8.891],[429.432,20.955],[479.4,0.709],[535.73,0.383],[566.535,12.451],[642.594,12.785],[685.981,-3.775],[784.649,-2.833],[852.113,24.404],[938.281,18.966],[1004.511,-18.06],[1039.165,-13.58],[1061.139,7.595],[1098.269,10.523],[1115.639,-1.603],[1147.921,-2.451],[1169.543,11.012],[1199.744,11.49],[1227.097,-4.362],[1322.593,-15.037],[1427.528,17.723],[1524.324,9.912],[1577.386,-16.619],[1657.983,-17.375],[1680.007,-6.875],[1732.443,-3.776],[1749.469,-9.547],[1791.727,-10.156],[1872.995,14.805],[1946.38,10.451],[2003.364,-14.76],[2104.768,-21.053],[2191.985,5.217],[2276.682,-0.894],[2298.688,-11.163],[2383.551,-14.074],[2456.343,13.996],[2532.059,18.363],[2579.227,6.178],[2647.287,7.883],[2681.377,18.536],[2731.942,8.232],[2754.475,-10.938],[2795.541,-7.914],[2795.542,-7.914],[2832.417,-1.915],[2854.834,-15.032],[2931.793,-21.215],[2976.794,-3.808],[3061.147,-1.126],[3110.889,-16.814],[3183.914,-11.323],[3232.081,12.279],[3248.5,38.609],[3248.5,2174.95],[3219.125,2204.271],[-18.232,2198.377],[-47.5,2169.056],[-47.5,46.006]],"c":true}]},{"i":{"x":0.667,"y":1},"o":{"x":0.333,"y":0},"t":150,"s":[{"i":[[-12.319,3.775],[0,0],[-7.539,-5.864],[0,0],[-9.897,12.93],[0,0],[-12.824,-10.465],[0,0],[-22.764,11.585],[0,0],[-9.017,-8.145],[0,0],[-23.199,9.399],[0,0],[-18.127,-7.101],[0,0],[-24.512,9.355],[0,0],[-31.592,-12.754],[0,0],[-26.417,14.768],[0,0],[-9.303,-8.965],[0,0],[-11.487,8.019],[0,0],[-9.961,-6.202],[0,0],[-9.381,5.437],[0,0],[-31.923,-9.966],[0,0],[-30.042,15.021],[0,0],[-25.547,-12.18],[0,0],[-17.215,5.835],[0,0],[-13.8,-4.239],[0,0],[-23.14,10.237],[0,0],[-33.468,-10.081],[0,0],[-26.522,12.377],[0,0],[-27.507,-10.607],[0,0],[-25.076,6.478],[0,0],[-22.084,-6.901],[0,0],[-13.97,11.885],[0,0],[-10.559,-12.067],[0,0],[-12.14,7.103],[0,0],[-25.256,-9.769],[0,0],[-27.607,8.707],[0,0],[-22.733,-11.139],[0,0],[0,-11.191],[0,0],[16.215,0.029],[0,0],[0,16.173],[0,0]],"o":[[0,0],[9.132,-2.798],[0,0],[12.853,9.996],[0,0],[10.06,-13.144],[0,0],[19.789,16.15],[0,0],[10.829,-5.511],[0,0],[18.575,16.778],[0,0],[18.043,-7.311],[0,0],[24.429,9.57],[0,0],[31.83,-12.149],[0,0],[28.064,11.33],[0,0],[11.277,-6.304],[0,0],[10.088,9.721],[0,0],[9.622,-6.717],[0,0],[9.204,5.731],[0,0],[28.934,-16.769],[0,0],[32.061,10.009],[0,0],[25.314,-12.657],[0,0],[16.408,7.823],[0,0],[13.673,-4.635],[0,0],[24.188,7.429],[0,0],[31.965,-14.142],[0,0],[28.024,8.441],[0,0],[26.716,-12.467],[0,0],[24.165,9.319],[0,0],[22.402,-5.787],[0,0],[17.506,5.471],[0,0],[12.213,-10.39],[0,0],[9.262,10.585],[0,0],[23.372,-13.676],[0,0],[26.998,10.443],[0,0],[24.143,-7.615],[0,0],[10.049,4.924],[0,0],[0,16.214],[0,0],[-16.173,-0.029],[0,0],[0,-12.885]],"v":[[-26.77,17.971],[-0.067,9.788],[26.526,14.678],[45.175,29.183],[86.46,23.86],[112.114,-9.655],[153.936,-14.55],[184.943,10.754],[254.952,18.264],[311.519,-10.525],[344.472,-6.152],[361.128,8.891],[429.432,20.955],[479.4,0.709],[535.73,0.383],[566.535,12.451],[642.594,12.785],[685.981,-3.775],[784.649,-2.833],[852.113,24.404],[938.281,18.966],[1004.511,-18.06],[1039.165,-13.58],[1061.139,7.595],[1098.269,10.523],[1115.639,-1.603],[1147.921,-2.451],[1169.543,11.012],[1199.744,11.49],[1227.097,-4.362],[1322.593,-15.037],[1427.528,17.723],[1524.324,9.912],[1577.386,-16.619],[1657.983,-17.375],[1680.007,-6.875],[1732.443,-3.776],[1749.469,-9.547],[1791.727,-10.156],[1872.995,14.805],[1946.38,10.451],[2003.364,-14.76],[2104.768,-21.053],[2191.985,5.217],[2276.682,-0.894],[2298.688,-11.163],[2383.551,-14.074],[2456.343,13.996],[2532.059,18.363],[2579.227,6.178],[2647.287,7.883],[2681.377,18.536],[2731.942,8.232],[2754.475,-10.938],[2795.541,-7.914],[2795.542,-7.914],[2832.417,-1.915],[2854.834,-15.032],[2931.793,-21.215],[2976.794,-3.808],[3061.147,-1.126],[3110.889,-16.814],[3183.914,-11.323],[3232.081,12.279],[3248.5,38.609],[3248.5,2174.95],[3219.125,2204.271],[-18.232,2198.377],[-47.5,2169.056],[-47.5,46.006]],"c":true}]},{"t":270,"s":[{"i":[[-12.319,3.775],[0,0],[-7.539,-5.864],[0,0],[-9.897,12.93],[0,0],[-12.824,-10.465],[0,0],[-22.764,11.585],[0,0],[-9.017,-8.145],[0,0],[-23.199,9.399],[0,0],[-18.127,-7.101],[0,0],[-24.512,9.355],[0,0],[-31.592,-12.754],[0,0],[-26.417,14.768],[0,0],[-9.303,-8.965],[0,0],[-11.487,8.019],[0,0],[-9.961,-6.202],[0,0],[-9.381,5.437],[0,0],[-31.923,-9.966],[0,0],[-30.042,15.021],[0,0],[-25.547,-12.18],[0,0],[-17.215,5.835],[0,0],[-13.8,-4.239],[0,0],[-23.14,10.237],[0,0],[-33.468,-10.081],[0,0],[-26.522,12.377],[0,0],[-27.507,-10.607],[0,0],[-25.077,6.478],[0,0],[-22.084,-6.901],[0,0],[-13.97,11.885],[0,0],[-10.559,-12.067],[0,0],[-12.14,7.103],[0,0],[-25.256,-9.769],[0,0],[-27.607,8.707],[0,0],[-22.733,-11.139],[0,0],[0,-11.191],[0,0],[16.215,0.029],[0,0],[0,16.173],[0,0]],"o":[[0,0],[9.132,-2.798],[0,0],[12.853,9.996],[0,0],[10.06,-13.144],[0,0],[19.789,16.15],[0,0],[10.829,-5.511],[0,0],[18.575,16.778],[0,0],[18.043,-7.311],[0,0],[24.428,9.57],[0,0],[31.83,-12.149],[0,0],[28.064,11.33],[0,0],[11.277,-6.304],[0,0],[10.088,9.721],[0,0],[9.622,-6.717],[0,0],[9.204,5.731],[0,0],[28.935,-16.769],[0,0],[32.061,10.009],[0,0],[25.314,-12.657],[0,0],[16.408,7.823],[0,0],[13.673,-4.635],[0,0],[24.188,7.429],[0,0],[31.965,-14.142],[0,0],[28.024,8.441],[0,0],[26.716,-12.467],[0,0],[24.165,9.319],[0,0],[22.402,-5.787],[0,0],[17.506,5.471],[0,0],[12.213,-10.39],[0,0],[9.262,10.585],[0,0],[23.372,-13.676],[0,0],[26.998,10.443],[0,0],[24.143,-7.615],[0,0],[10.049,4.924],[0,0],[0,16.214],[0,0],[-16.173,-0.029],[0,0],[0,-12.885]],"v":[[-2138.77,477.971],[-2112.067,469.788],[-2085.474,474.678],[-2066.825,489.183],[-2025.54,483.86],[-1999.886,450.345],[-1958.064,445.45],[-1927.057,470.754],[-1857.048,478.264],[-1800.481,449.475],[-1767.528,453.848],[-1750.872,468.891],[-1682.568,480.955],[-1632.6,460.71],[-1576.27,460.383],[-1545.465,472.452],[-1469.406,472.785],[-1426.019,456.225],[-1327.351,457.167],[-1259.886,484.404],[-1173.719,478.966],[-1107.489,441.94],[-1072.835,446.42],[-1050.861,467.595],[-1013.731,470.523],[-996.361,458.397],[-964.079,457.549],[-942.456,471.012],[-912.256,471.49],[-884.903,455.638],[-789.407,444.963],[-684.472,477.723],[-587.676,469.912],[-534.614,443.381],[-454.017,442.625],[-431.993,453.125],[-379.557,456.224],[-362.531,450.453],[-320.273,449.844],[-239.005,474.805],[-165.62,470.451],[-108.636,445.24],[-7.231,438.947],[79.986,465.217],[164.682,459.106],[186.688,448.837],[271.551,445.926],[344.343,473.996],[420.059,478.363],[467.228,466.178],[535.287,467.883],[569.377,478.536],[619.942,468.232],[642.476,449.062],[683.542,452.086],[683.542,452.086],[720.417,458.085],[742.834,444.968],[819.794,438.785],[864.794,456.192],[949.147,458.874],[998.89,443.186],[1071.914,448.677],[1120.081,472.279],[1136.5,498.609],[1136.5,2634.95],[1107.125,2664.271],[-2130.232,2658.377],[-2159.5,2629.056],[-2159.5,506.006]],"c":true}]}],"ix":1},"o":{"a":0,"k":100,"ix":3},"x":{"a":0,"k":0,"ix":4},"nm":"Mask 1"}],"shapes":[{"ty":"gr","it":[{"ind":0,"ty":"sh","ix":1,"ks":{"a":0,"k":{"i":[[55.228,0],[0.693,0.014],[0,0],[0,0],[0,8.777],[8.421,8.675],[0,0],[0,-11.766]],"o":[[-0.697,0],[0,0],[0,0],[4.101,-7.087],[0,-13.045],[0,0],[3.732,10.485],[0,55.228]],"v":[[0,100],[-2.078,99.948],[41.72,24.088],[41.688,24.069],[48.175,0],[34.548,-33.533],[94.22,-33.533],[100,0]],"c":true},"ix":2},"nm":"Path 1","mn":"ADBE Vector Shape - Group","hd":false},{"ind":1,"ty":"sh","ix":2,"ks":{"a":0,"k":{"i":[[0,49.059],[-9.173,15.112],[0,0],[0,0],[-17.828,0],[-3.776,0.951],[0,0]],"o":[[0,-18.97],[0,0],[0,0],[8.331,14.396],[4.072,0],[0,0],[-46.604,-8.504]],"v":[[-100,0],[-85.544,-51.817],[-41.721,24.088],[-41.689,24.069],[0,48.175],[11.78,46.664],[-18.057,98.342]],"c":true},"ix":2},"nm":"Path 2","mn":"ADBE Vector Shape - Group","hd":false},{"ind":2,"ty":"sh","ix":3,"ks":{"a":0,"k":{"i":[[0,-18.938],[18.938,0],[0,18.938],[-18.938,0]],"o":[[0,18.938],[-18.938,0],[0,-18.938],[18.938,0]],"v":[[34.289,0],[0,34.289],[-34.289,0],[0,-34.289]],"c":true},"ix":2},"nm":"Path 3","mn":"ADBE Vector Shape - Group","hd":false},{"ind":3,"ty":"sh","ix":4,"ks":{"a":0,"k":{"i":[[-30.5,0],[-17.016,-30.891],[0,0],[5.728,-20.207],[0,0]],"o":[[37.76,0],[0,0],[-22.042,0],[0,0],[18.342,-21.53]],"v":[[0,-100],[87.638,-48.174],[0,-48.174],[-46.312,-13.148],[-76.133,-64.8]],"c":true},"ix":2},"nm":"Path 4","mn":"ADBE Vector Shape - Group","hd":false},{"ind":4,"ty":"sh","ix":5,"ks":{"a":0,"k":{"i":[[96.65,0],[0,-96.65],[-96.65,0],[0,96.65]],"o":[[-96.65,0],[0,96.65],[96.65,0],[0,-96.65]],"v":[[0,-175],[-175,0],[0,175],[175,0]],"c":true},"ix":2},"nm":"Path 5","mn":"ADBE Vector Shape - Group","hd":false},{"ty":"fl","c":{"a":0,"k":[0,0.866666674614,0.701960802078,1],"ix":4},"o":{"a":0,"k":100,"ix":5},"r":1,"bm":0,"nm":"Fill 1","mn":"ADBE Vector Graphic - Fill","hd":false},{"ty":"tr","p":{"a":0,"k":[247,247],"ix":2},"a":{"a":0,"k":[0,0],"ix":1},"s":{"a":0,"k":[100,100],"ix":3},"r":{"a":0,"k":0,"ix":6},"o":{"a":0,"k":100,"ix":7},"sk":{"a":0,"k":0,"ix":4},"sa":{"a":0,"k":0,"ix":5},"nm":"Transform"}],"nm":"Group 1","np":6,"cix":2,"bm":0,"ix":1,"mn":"ADBE Vector Group","hd":false}],"ip":0,"op":300,"st":0,"bm":0},{"ddd":0,"ind":2,"ty":4,"nm":"Stroke","sr":1,"ks":{"o":{"a":0,"k":100,"ix":11},"r":{"a":0,"k":0,"ix":10},"p":{"a":0,"k":[250,250,0],"ix":2},"a":{"a":0,"k":[250,250,0],"ix":1},"s":{"a":0,"k":[100,100,100],"ix":6}},"ao":0,"hasMask":true,"masksProperties":[{"inv":false,"mode":"s","pt":{"a":1,"k":[{"i":{"x":0.667,"y":1},"o":{"x":0.333,"y":0},"t":0,"s":[{"i":[[-12.319,3.775],[0,0],[-7.539,-5.864],[0,0],[-9.897,12.93],[0,0],[-12.823,-10.465],[0,0],[-22.764,11.585],[0,0],[-9.017,-8.145],[0,0],[-23.199,9.4],[0,0],[-18.127,-7.101],[0,0],[-24.511,9.355],[0,0],[-31.592,-12.754],[0,0],[-26.417,14.768],[0,0],[-9.303,-8.965],[0,0],[-11.487,8.019],[0,0],[-9.961,-6.202],[0,0],[-9.381,5.437],[0,0],[-31.923,-9.966],[0,0],[-30.042,15.021],[0,0],[-25.547,-12.18],[0,0],[-17.215,5.835],[0,0],[-13.8,-4.239],[0,0],[-23.14,10.237],[0,0],[-33.469,-10.081],[0,0],[-26.522,12.377],[0,0],[-27.507,-10.607],[0,0],[-25.076,6.478],[0,0],[-22.083,-6.901],[0,0],[-13.97,11.885],[0,0],[-10.559,-12.067],[0,0],[-12.14,7.103],[0,0],[-25.255,-9.769],[0,0],[-27.607,8.707],[0,0],[-22.733,-11.139],[0,0],[0,-11.191],[0,0],[16.215,0.029],[0,0],[0,16.173],[0,0]],"o":[[0,0],[9.132,-2.798],[0,0],[12.853,9.996],[0,0],[10.06,-13.144],[0,0],[19.789,16.15],[0,0],[10.829,-5.511],[0,0],[18.575,16.778],[0,0],[18.043,-7.311],[0,0],[24.428,9.57],[0,0],[31.83,-12.149],[0,0],[28.064,11.33],[0,0],[11.277,-6.304],[0,0],[10.088,9.721],[0,0],[9.622,-6.717],[0,0],[9.204,5.731],[0,0],[28.935,-16.769],[0,0],[32.062,10.009],[0,0],[25.313,-12.657],[0,0],[16.408,7.823],[0,0],[13.672,-4.635],[0,0],[24.188,7.429],[0,0],[31.965,-14.142],[0,0],[28.024,8.441],[0,0],[26.716,-12.467],[0,0],[24.165,9.319],[0,0],[22.401,-5.787],[0,0],[17.506,5.471],[0,0],[12.213,-10.39],[0,0],[9.262,10.585],[0,0],[23.372,-13.676],[0,0],[26.998,10.443],[0,0],[24.143,-7.615],[0,0],[10.049,4.924],[0,0],[0,16.215],[0,0],[-16.173,-0.029],[0,0],[0,-12.885]],"v":[[-26.77,465.972],[-0.067,457.788],[26.526,462.678],[45.175,477.183],[86.46,471.86],[112.114,438.345],[153.936,433.45],[184.942,458.754],[254.952,466.264],[311.519,437.475],[344.472,441.848],[361.128,456.891],[429.432,468.955],[479.4,448.709],[535.73,448.383],[566.535,460.451],[642.594,460.785],[685.981,444.225],[784.649,445.167],[852.114,472.404],[938.281,466.966],[1004.511,429.94],[1039.165,434.42],[1061.139,455.595],[1098.269,458.523],[1115.639,446.397],[1147.921,445.549],[1169.543,459.012],[1199.744,459.49],[1227.097,443.638],[1322.593,432.963],[1427.528,465.723],[1524.324,457.912],[1577.387,431.381],[1657.983,430.625],[1680.007,441.125],[1732.443,444.224],[1749.47,438.453],[1791.727,437.844],[1872.995,462.805],[1946.38,458.451],[2003.364,433.24],[2104.769,426.947],[2191.985,453.217],[2276.682,447.106],[2298.688,436.837],[2383.551,433.926],[2456.343,461.996],[2532.059,466.363],[2579.228,454.178],[2647.286,455.883],[2681.377,466.536],[2731.941,456.232],[2754.476,437.062],[2795.542,440.086],[2795.542,440.086],[2832.417,446.085],[2854.834,432.968],[2931.793,426.785],[2976.794,444.192],[3061.147,446.874],[3110.89,431.186],[3183.914,436.677],[3232.081,460.279],[3248.5,486.609],[3248.5,2622.949],[3219.125,2652.271],[-18.232,2646.377],[-47.5,2617.056],[-47.5,494.006]],"c":true}]},{"i":{"x":0.667,"y":1},"o":{"x":0.333,"y":0},"t":120,"s":[{"i":[[-12.319,3.775],[0,0],[-7.539,-5.864],[0,0],[-9.897,12.93],[0,0],[-12.823,-10.465],[0,0],[-22.764,11.585],[0,0],[-9.017,-8.145],[0,0],[-23.199,9.4],[0,0],[-18.127,-7.101],[0,0],[-24.511,9.355],[0,0],[-31.592,-12.754],[0,0],[-26.417,14.768],[0,0],[-9.303,-8.965],[0,0],[-11.487,8.019],[0,0],[-9.961,-6.202],[0,0],[-9.381,5.437],[0,0],[-31.923,-9.966],[0,0],[-30.042,15.021],[0,0],[-25.547,-12.18],[0,0],[-17.215,5.835],[0,0],[-13.8,-4.239],[0,0],[-23.14,10.237],[0,0],[-33.469,-10.081],[0,0],[-26.522,12.377],[0,0],[-27.507,-10.607],[0,0],[-25.076,6.478],[0,0],[-22.083,-6.901],[0,0],[-13.97,11.885],[0,0],[-10.559,-12.067],[0,0],[-12.14,7.103],[0,0],[-25.255,-9.769],[0,0],[-27.607,8.707],[0,0],[-22.733,-11.139],[0,0],[0,-11.191],[0,0],[16.215,0.029],[0,0],[0,16.173],[0,0]],"o":[[0,0],[9.132,-2.798],[0,0],[12.853,9.996],[0,0],[10.06,-13.144],[0,0],[19.789,16.15],[0,0],[10.829,-5.511],[0,0],[18.575,16.778],[0,0],[18.043,-7.311],[0,0],[24.428,9.57],[0,0],[31.83,-12.149],[0,0],[28.064,11.33],[0,0],[11.277,-6.304],[0,0],[10.088,9.721],[0,0],[9.622,-6.717],[0,0],[9.204,5.731],[0,0],[28.935,-16.769],[0,0],[32.062,10.009],[0,0],[25.313,-12.657],[0,0],[16.408,7.823],[0,0],[13.672,-4.635],[0,0],[24.188,7.429],[0,0],[31.965,-14.142],[0,0],[28.024,8.441],[0,0],[26.716,-12.467],[0,0],[24.165,9.319],[0,0],[22.401,-5.787],[0,0],[17.506,5.471],[0,0],[12.213,-10.39],[0,0],[9.262,10.585],[0,0],[23.372,-13.676],[0,0],[26.998,10.443],[0,0],[24.143,-7.615],[0,0],[10.049,4.924],[0,0],[0,16.215],[0,0],[-16.173,-0.029],[0,0],[0,-12.885]],"v":[[-2138.77,17.972],[-2112.067,9.788],[-2085.474,14.678],[-2066.825,29.183],[-2025.54,23.86],[-1999.886,-9.655],[-1958.064,-14.55],[-1927.058,10.754],[-1857.048,18.264],[-1800.481,-10.525],[-1767.528,-6.152],[-1750.872,8.891],[-1682.568,20.955],[-1632.6,0.709],[-1576.27,0.383],[-1545.465,12.451],[-1469.406,12.785],[-1426.019,-3.775],[-1327.351,-2.833],[-1259.886,24.404],[-1173.719,18.966],[-1107.489,-18.06],[-1072.835,-13.58],[-1050.861,7.595],[-1013.731,10.523],[-996.361,-1.603],[-964.079,-2.451],[-942.457,11.012],[-912.256,11.49],[-884.903,-4.362],[-789.407,-15.037],[-684.472,17.723],[-587.676,9.912],[-534.613,-16.619],[-454.017,-17.375],[-431.993,-6.875],[-379.557,-3.776],[-362.53,-9.547],[-320.273,-10.156],[-239.005,14.805],[-165.62,10.451],[-108.636,-14.76],[-7.231,-21.053],[79.985,5.217],[164.682,-0.894],[186.688,-11.163],[271.551,-14.074],[344.343,13.996],[420.059,18.363],[467.228,6.178],[535.286,7.883],[569.377,18.536],[619.941,8.232],[642.476,-10.938],[683.542,-7.914],[683.542,-7.914],[720.417,-1.915],[742.834,-15.032],[819.793,-21.215],[864.794,-3.808],[949.147,-1.126],[998.89,-16.814],[1071.914,-11.323],[1120.081,12.279],[1136.5,38.609],[1136.5,2174.949],[1107.125,2204.271],[-2130.232,2198.377],[-2159.5,2169.056],[-2159.5,46.006]],"c":true}]},{"i":{"x":0.667,"y":1},"o":{"x":0.333,"y":0},"t":121,"s":[{"i":[[-12.319,3.775],[0,0],[-7.539,-5.864],[0,0],[-9.897,12.93],[0,0],[-12.823,-10.465],[0,0],[-22.764,11.585],[0,0],[-9.017,-8.145],[0,0],[-23.199,9.4],[0,0],[-18.127,-7.101],[0,0],[-24.511,9.355],[0,0],[-31.592,-12.754],[0,0],[-26.417,14.768],[0,0],[-9.303,-8.965],[0,0],[-11.487,8.019],[0,0],[-9.961,-6.202],[0,0],[-9.381,5.437],[0,0],[-31.923,-9.966],[0,0],[-30.042,15.021],[0,0],[-25.547,-12.18],[0,0],[-17.215,5.835],[0,0],[-13.8,-4.239],[0,0],[-23.14,10.237],[0,0],[-33.469,-10.081],[0,0],[-26.522,12.377],[0,0],[-27.507,-10.607],[0,0],[-25.076,6.478],[0,0],[-22.083,-6.901],[0,0],[-13.97,11.885],[0,0],[-10.559,-12.067],[0,0],[-12.14,7.103],[0,0],[-25.255,-9.769],[0,0],[-27.607,8.707],[0,0],[-22.733,-11.139],[0,0],[0,-11.191],[0,0],[16.215,0.029],[0,0],[0,16.173],[0,0]],"o":[[0,0],[9.132,-2.798],[0,0],[12.853,9.996],[0,0],[10.06,-13.144],[0,0],[19.789,16.15],[0,0],[10.829,-5.511],[0,0],[18.575,16.778],[0,0],[18.043,-7.311],[0,0],[24.428,9.57],[0,0],[31.83,-12.149],[0,0],[28.064,11.33],[0,0],[11.277,-6.304],[0,0],[10.088,9.721],[0,0],[9.622,-6.717],[0,0],[9.204,5.731],[0,0],[28.935,-16.769],[0,0],[32.062,10.009],[0,0],[25.313,-12.657],[0,0],[16.408,7.823],[0,0],[13.672,-4.635],[0,0],[24.188,7.429],[0,0],[31.965,-14.142],[0,0],[28.024,8.441],[0,0],[26.716,-12.467],[0,0],[24.165,9.319],[0,0],[22.401,-5.787],[0,0],[17.506,5.471],[0,0],[12.213,-10.39],[0,0],[9.262,10.585],[0,0],[23.372,-13.676],[0,0],[26.998,10.443],[0,0],[24.143,-7.615],[0,0],[10.049,4.924],[0,0],[0,16.215],[0,0],[-16.173,-0.029],[0,0],[0,-12.885]],"v":[[-26.77,17.972],[-0.067,9.788],[26.526,14.678],[45.175,29.183],[86.46,23.86],[112.114,-9.655],[153.936,-14.55],[184.942,10.754],[254.952,18.264],[311.519,-10.525],[344.472,-6.152],[361.128,8.891],[429.432,20.955],[479.4,0.709],[535.73,0.383],[566.535,12.451],[642.594,12.785],[685.981,-3.775],[784.649,-2.833],[852.114,24.404],[938.281,18.966],[1004.511,-18.06],[1039.165,-13.58],[1061.139,7.595],[1098.269,10.523],[1115.639,-1.603],[1147.921,-2.451],[1169.543,11.012],[1199.744,11.49],[1227.097,-4.362],[1322.593,-15.037],[1427.528,17.723],[1524.324,9.912],[1577.387,-16.619],[1657.983,-17.375],[1680.007,-6.875],[1732.443,-3.776],[1749.47,-9.547],[1791.727,-10.156],[1872.995,14.805],[1946.38,10.451],[2003.364,-14.76],[2104.769,-21.053],[2191.985,5.217],[2276.682,-0.894],[2298.688,-11.163],[2383.551,-14.074],[2456.343,13.996],[2532.059,18.363],[2579.228,6.178],[2647.286,7.883],[2681.377,18.536],[2731.941,8.232],[2754.476,-10.938],[2795.542,-7.914],[2795.542,-7.914],[2832.417,-1.915],[2854.834,-15.032],[2931.793,-21.215],[2976.794,-3.808],[3061.147,-1.126],[3110.89,-16.814],[3183.914,-11.323],[3232.081,12.279],[3248.5,38.609],[3248.5,2174.949],[3219.125,2204.271],[-18.232,2198.377],[-47.5,2169.056],[-47.5,46.006]],"c":true}]},{"i":{"x":0.667,"y":1},"o":{"x":0.333,"y":0},"t":150,"s":[{"i":[[-12.319,3.775],[0,0],[-7.539,-5.864],[0,0],[-9.897,12.93],[0,0],[-12.823,-10.465],[0,0],[-22.764,11.585],[0,0],[-9.017,-8.145],[0,0],[-23.199,9.4],[0,0],[-18.127,-7.101],[0,0],[-24.511,9.355],[0,0],[-31.592,-12.754],[0,0],[-26.417,14.768],[0,0],[-9.303,-8.965],[0,0],[-11.487,8.019],[0,0],[-9.961,-6.202],[0,0],[-9.381,5.437],[0,0],[-31.923,-9.966],[0,0],[-30.042,15.021],[0,0],[-25.547,-12.18],[0,0],[-17.215,5.835],[0,0],[-13.8,-4.239],[0,0],[-23.14,10.237],[0,0],[-33.469,-10.081],[0,0],[-26.522,12.377],[0,0],[-27.507,-10.607],[0,0],[-25.076,6.478],[0,0],[-22.083,-6.901],[0,0],[-13.97,11.885],[0,0],[-10.559,-12.067],[0,0],[-12.14,7.103],[0,0],[-25.255,-9.769],[0,0],[-27.607,8.707],[0,0],[-22.733,-11.139],[0,0],[0,-11.191],[0,0],[16.215,0.029],[0,0],[0,16.173],[0,0]],"o":[[0,0],[9.132,-2.798],[0,0],[12.853,9.996],[0,0],[10.06,-13.144],[0,0],[19.789,16.15],[0,0],[10.829,-5.511],[0,0],[18.575,16.778],[0,0],[18.043,-7.311],[0,0],[24.428,9.57],[0,0],[31.83,-12.149],[0,0],[28.064,11.33],[0,0],[11.277,-6.304],[0,0],[10.088,9.721],[0,0],[9.622,-6.717],[0,0],[9.204,5.731],[0,0],[28.935,-16.769],[0,0],[32.062,10.009],[0,0],[25.313,-12.657],[0,0],[16.408,7.823],[0,0],[13.672,-4.635],[0,0],[24.188,7.429],[0,0],[31.965,-14.142],[0,0],[28.024,8.441],[0,0],[26.716,-12.467],[0,0],[24.165,9.319],[0,0],[22.401,-5.787],[0,0],[17.506,5.471],[0,0],[12.213,-10.39],[0,0],[9.262,10.585],[0,0],[23.372,-13.676],[0,0],[26.998,10.443],[0,0],[24.143,-7.615],[0,0],[10.049,4.924],[0,0],[0,16.215],[0,0],[-16.173,-0.029],[0,0],[0,-12.885]],"v":[[-26.77,17.972],[-0.067,9.788],[26.526,14.678],[45.175,29.183],[86.46,23.86],[112.114,-9.655],[153.936,-14.55],[184.942,10.754],[254.952,18.264],[311.519,-10.525],[344.472,-6.152],[361.128,8.891],[429.432,20.955],[479.4,0.709],[535.73,0.383],[566.535,12.451],[642.594,12.785],[685.981,-3.775],[784.649,-2.833],[852.114,24.404],[938.281,18.966],[1004.511,-18.06],[1039.165,-13.58],[1061.139,7.595],[1098.269,10.523],[1115.639,-1.603],[1147.921,-2.451],[1169.543,11.012],[1199.744,11.49],[1227.097,-4.362],[1322.593,-15.037],[1427.528,17.723],[1524.324,9.912],[1577.387,-16.619],[1657.983,-17.375],[1680.007,-6.875],[1732.443,-3.776],[1749.47,-9.547],[1791.727,-10.156],[1872.995,14.805],[1946.38,10.451],[2003.364,-14.76],[2104.769,-21.053],[2191.985,5.217],[2276.682,-0.894],[2298.688,-11.163],[2383.551,-14.074],[2456.343,13.996],[2532.059,18.363],[2579.228,6.178],[2647.286,7.883],[2681.377,18.536],[2731.941,8.232],[2754.476,-10.938],[2795.542,-7.914],[2795.542,-7.914],[2832.417,-1.915],[2854.834,-15.032],[2931.793,-21.215],[2976.794,-3.808],[3061.147,-1.126],[3110.89,-16.814],[3183.914,-11.323],[3232.081,12.279],[3248.5,38.609],[3248.5,2174.949],[3219.125,2204.271],[-18.232,2198.377],[-47.5,2169.056],[-47.5,46.006]],"c":true}]},{"t":270,"s":[{"i":[[-12.319,3.775],[0,0],[-7.539,-5.864],[0,0],[-9.897,12.93],[0,0],[-12.823,-10.465],[0,0],[-22.764,11.585],[0,0],[-9.017,-8.145],[0,0],[-23.199,9.4],[0,0],[-18.127,-7.101],[0,0],[-24.511,9.355],[0,0],[-31.592,-12.754],[0,0],[-26.417,14.768],[0,0],[-9.303,-8.965],[0,0],[-11.487,8.019],[0,0],[-9.961,-6.202],[0,0],[-9.381,5.437],[0,0],[-31.923,-9.966],[0,0],[-30.042,15.021],[0,0],[-25.547,-12.18],[0,0],[-17.215,5.835],[0,0],[-13.8,-4.239],[0,0],[-23.14,10.237],[0,0],[-33.469,-10.081],[0,0],[-26.522,12.377],[0,0],[-27.507,-10.607],[0,0],[-25.076,6.478],[0,0],[-22.083,-6.901],[0,0],[-13.97,11.885],[0,0],[-10.559,-12.067],[0,0],[-12.14,7.103],[0,0],[-25.255,-9.769],[0,0],[-27.607,8.707],[0,0],[-22.733,-11.139],[0,0],[0,-11.191],[0,0],[16.215,0.029],[0,0],[0,16.173],[0,0]],"o":[[0,0],[9.132,-2.798],[0,0],[12.853,9.996],[0,0],[10.06,-13.144],[0,0],[19.789,16.15],[0,0],[10.829,-5.511],[0,0],[18.575,16.778],[0,0],[18.043,-7.311],[0,0],[24.428,9.57],[0,0],[31.83,-12.149],[0,0],[28.064,11.33],[0,0],[11.277,-6.304],[0,0],[10.088,9.721],[0,0],[9.622,-6.717],[0,0],[9.204,5.731],[0,0],[28.935,-16.769],[0,0],[32.062,10.009],[0,0],[25.313,-12.657],[0,0],[16.408,7.823],[0,0],[13.672,-4.635],[0,0],[24.188,7.429],[0,0],[31.965,-14.142],[0,0],[28.024,8.441],[0,0],[26.716,-12.467],[0,0],[24.165,9.319],[0,0],[22.401,-5.787],[0,0],[17.506,5.471],[0,0],[12.213,-10.39],[0,0],[9.262,10.585],[0,0],[23.372,-13.676],[0,0],[26.998,10.443],[0,0],[24.143,-7.615],[0,0],[10.049,4.924],[0,0],[0,16.215],[0,0],[-16.173,-0.029],[0,0],[0,-12.885]],"v":[[-2138.77,477.972],[-2112.067,469.788],[-2085.474,474.678],[-2066.825,489.183],[-2025.54,483.86],[-1999.886,450.345],[-1958.064,445.45],[-1927.058,470.754],[-1857.048,478.264],[-1800.481,449.475],[-1767.528,453.848],[-1750.872,468.891],[-1682.568,480.955],[-1632.6,460.709],[-1576.27,460.383],[-1545.465,472.451],[-1469.406,472.785],[-1426.019,456.225],[-1327.351,457.167],[-1259.886,484.404],[-1173.719,478.966],[-1107.489,441.94],[-1072.835,446.42],[-1050.861,467.595],[-1013.731,470.523],[-996.361,458.397],[-964.079,457.549],[-942.457,471.012],[-912.256,471.49],[-884.903,455.638],[-789.407,444.963],[-684.472,477.723],[-587.676,469.912],[-534.613,443.381],[-454.017,442.625],[-431.993,453.125],[-379.557,456.224],[-362.53,450.453],[-320.273,449.844],[-239.005,474.805],[-165.62,470.451],[-108.636,445.24],[-7.231,438.947],[79.985,465.217],[164.682,459.106],[186.688,448.837],[271.551,445.926],[344.343,473.996],[420.059,478.363],[467.228,466.178],[535.286,467.883],[569.377,478.536],[619.941,468.232],[642.476,449.062],[683.542,452.086],[683.542,452.086],[720.417,458.085],[742.834,444.968],[819.793,438.785],[864.794,456.192],[949.147,458.874],[998.89,443.186],[1071.914,448.677],[1120.081,472.279],[1136.5,498.609],[1136.5,2634.949],[1107.125,2664.271],[-2130.232,2658.377],[-2159.5,2629.056],[-2159.5,506.006]],"c":true}]}],"ix":1},"o":{"a":0,"k":100,"ix":3},"x":{"a":0,"k":0,"ix":4},"nm":"Mask 1"}],"shapes":[{"ty":"gr","it":[{"ind":0,"ty":"sh","ix":1,"ks":{"a":0,"k":{"i":[[0,0],[0,44.729],[-6.285,12.896],[0,0],[0,0],[0,0],[-17.227,0],[-0.763,0.035]],"o":[[-43.321,-9.552],[0,-14.49],[0,0],[0,0],[0,0],[9.917,13.94],[0.755,0],[0,0]],"v":[[23.519,69.47],[-50.89,-23.262],[-41.314,-64.872],[-1.941,3.325],[0.576,7.611],[0.783,7.493],[44.11,29.913],[46.388,29.86]],"c":true},"ix":2},"nm":"Path 1","mn":"ADBE Vector Shape - Group","hd":false},{"ind":1,"ty":"sh","ix":2,"ks":{"a":0,"k":{"i":[[4.072,0],[8.331,14.396],[0,0],[0,0],[0,-18.97],[-46.604,-8.504],[0,0]],"o":[[-17.828,0],[0,0],[0,0],[-9.173,15.112],[0,49.059],[0,0],[-3.776,0.951]],"v":[[44.11,24.913],[2.422,0.807],[2.389,0.825],[-41.434,-75.08],[-55.89,-23.262],[26.053,75.08],[55.89,23.401]],"c":true},"ix":2},"nm":"Path 2","mn":"ADBE Vector Shape - Group","hd":false},{"ty":"fl","c":{"a":0,"k":[0,0.866666674614,0.701960802078,1],"ix":4},"o":{"a":0,"k":100,"ix":5},"r":1,"bm":0,"nm":"Fill 1","mn":"ADBE Vector Graphic - Fill","hd":false},{"ty":"tr","p":{"a":0,"k":[203.194,270.223],"ix":2},"a":{"a":0,"k":[0,0],"ix":1},"s":{"a":0,"k":[100,100],"ix":3},"r":{"a":0,"k":0,"ix":6},"o":{"a":0,"k":100,"ix":7},"sk":{"a":0,"k":0,"ix":4},"sa":{"a":0,"k":0,"ix":5},"nm":"Transform"}],"nm":"Group 1","np":3,"cix":2,"bm":0,"ix":1,"mn":"ADBE Vector Group","hd":false},{"ty":"gr","it":[{"ind":0,"ty":"sh","ix":1,"ks":{"a":0,"k":{"i":[[49.275,-3.442],[0,0],[0,0],[0,0],[0,7.618],[5.413,8.465],[0,0],[0,-9.729]],"o":[[0,0],[0,0],[0,0],[3.181,-6.933],[0,-10.233],[0,0],[2.905,9.223],[0,50.135]],"v":[[-42.274,61.534],[-2.911,-6.646],[-0.429,-11.018],[-0.631,-11.134],[4.214,-33.233],[-4.103,-61.766],[41.663,-61.766],[46.039,-33.233]],"c":true},"ix":2},"nm":"Path 1","mn":"ADBE Vector Shape - Group","hd":false},{"ind":1,"ty":"sh","ix":2,"ks":{"a":0,"k":{"i":[[3.732,10.485],[0,0],[0,-13.045],[4.101,-7.087],[0,0],[0,0],[-0.697,0],[0,55.228]],"o":[[0,0],[8.421,8.675],[0,8.777],[0,0],[0,0],[0.693,0.014],[55.228,0],[0,-11.766]],"v":[[45.259,-66.766],[-14.414,-66.766],[-0.786,-33.233],[-7.273,-9.164],[-7.241,-9.146],[-51.039,66.714],[-48.961,66.766],[51.039,-33.233]],"c":true},"ix":2},"nm":"Path 2","mn":"ADBE Vector Shape - Group","hd":false},{"ty":"fl","c":{"a":0,"k":[0,0.866666674614,0.701960802078,1],"ix":4},"o":{"a":0,"k":100,"ix":5},"r":1,"bm":0,"nm":"Fill 1","mn":"ADBE Vector Graphic - Fill","hd":false},{"ty":"tr","p":{"a":0,"k":[296.266,280.194],"ix":2},"a":{"a":0,"k":[0,0],"ix":1},"s":{"a":0,"k":[100,100],"ix":3},"r":{"a":0,"k":0,"ix":6},"o":{"a":0,"k":100,"ix":7},"sk":{"a":0,"k":0,"ix":4},"sa":{"a":0,"k":0,"ix":5},"nm":"Transform"}],"nm":"Group 2","np":3,"cix":2,"bm":0,"ix":2,"mn":"ADBE Vector Group","hd":false},{"ty":"gr","it":[{"ind":0,"ty":"sh","ix":1,"ks":{"a":0,"k":{"i":[[9.024,-17.261],[0,0],[-26.688,0],[-17.58,-25.997],[0,0]],"o":[[0,0],[17.999,-19.626],[31.714,0],[0,0],[-19.987,0]],"v":[[-52.876,32.02],[-75.757,-7.611],[-5.752,-38.426],[72.972,3.4],[-5.752,3.4]],"c":true},"ix":2},"nm":"Path 1","mn":"ADBE Vector Shape - Group","hd":false},{"ind":1,"ty":"sh","ix":2,"ks":{"a":0,"k":{"i":[[37.76,0],[18.342,-21.53],[0,0],[-22.042,0],[0,0]],"o":[[-30.5,0],[0,0],[5.728,-20.207],[0,0],[-17.016,-30.891]],"v":[[-5.752,-43.426],[-81.886,-8.226],[-52.065,43.426],[-5.752,8.4],[81.886,8.4]],"c":true},"ix":2},"nm":"Path 2","mn":"ADBE Vector Shape - Group","hd":false},{"ty":"fl","c":{"a":0,"k":[0,0.866666674614,0.701960802078,1],"ix":4},"o":{"a":0,"k":100,"ix":5},"r":1,"bm":0,"nm":"Fill 1","mn":"ADBE Vector Graphic - Fill","hd":false},{"ty":"tr","p":{"a":0,"k":[253.057,190.386],"ix":2},"a":{"a":0,"k":[0,0],"ix":1},"s":{"a":0,"k":[100,100],"ix":3},"r":{"a":0,"k":0,"ix":6},"o":{"a":0,"k":100,"ix":7},"sk":{"a":0,"k":0,"ix":4},"sa":{"a":0,"k":0,"ix":5},"nm":"Transform"}],"nm":"Group 3","np":3,"cix":2,"bm":0,"ix":3,"mn":"ADBE Vector Group","hd":false},{"ty":"gr","it":[{"ind":0,"ty":"sh","ix":1,"ks":{"a":0,"k":{"i":[[16.15,0],[0,16.15],[-16.15,0],[0,-16.15]],"o":[[-16.15,0],[0,-16.15],[16.15,0],[0,16.15]],"v":[[0,29.289],[-29.289,0],[0,-29.289],[29.289,0]],"c":true},"ix":2},"nm":"Path 1","mn":"ADBE Vector Shape - Group","hd":false},{"ind":1,"ty":"sh","ix":2,"ks":{"a":0,"k":{"i":[[18.938,0],[0,-18.938],[-18.937,0],[0,18.938]],"o":[[-18.937,0],[0,18.938],[18.938,0],[0,-18.938]],"v":[[0,-34.289],[-34.289,0],[0,34.289],[34.289,0]],"c":true},"ix":2},"nm":"Path 2","mn":"ADBE Vector Shape - Group","hd":false},{"ty":"fl","c":{"a":0,"k":[0,0.866666674614,0.701960802078,1],"ix":4},"o":{"a":0,"k":100,"ix":5},"r":1,"bm":0,"nm":"Fill 1","mn":"ADBE Vector Graphic - Fill","hd":false},{"ty":"tr","p":{"a":0,"k":[247.304,246.96],"ix":2},"a":{"a":0,"k":[0,0],"ix":1},"s":{"a":0,"k":[100,100],"ix":3},"r":{"a":0,"k":0,"ix":6},"o":{"a":0,"k":100,"ix":7},"sk":{"a":0,"k":0,"ix":4},"sa":{"a":0,"k":0,"ix":5},"nm":"Transform"}],"nm":"Group 4","np":3,"cix":2,"bm":0,"ix":4,"mn":"ADBE Vector Group","hd":false},{"ty":"gr","it":[{"ind":0,"ty":"sh","ix":1,"ks":{"a":0,"k":{"i":[[32.109,-32.109],[45.409,0],[32.109,32.109],[0,45.409],[-32.109,32.109],[-45.409,0],[-32.109,-32.109],[0,-45.409]],"o":[[-32.109,32.109],[-45.409,0],[-32.109,-32.109],[0,-45.409],[32.109,-32.109],[45.409,0],[32.109,32.109],[0,45.409]],"v":[[120.208,120.208],[0,170],[-120.208,120.208],[-170,0],[-120.208,-120.208],[0,-170],[120.208,-120.208],[170,0]],"c":true},"ix":2},"nm":"Path 1","mn":"ADBE Vector Shape - Group","hd":false},{"ind":1,"ty":"sh","ix":2,"ks":{"a":0,"k":{"i":[[96.65,0],[0,-96.65],[-96.65,0],[0,96.65]],"o":[[-96.65,0],[0,96.65],[96.65,0],[0,-96.65]],"v":[[0,-175],[-175,0],[0,175],[175,0]],"c":true},"ix":2},"nm":"Path 2","mn":"ADBE Vector Shape - Group","hd":false},{"ty":"fl","c":{"a":0,"k":[0,0.866666674614,0.701960802078,1],"ix":4},"o":{"a":0,"k":100,"ix":5},"r":1,"bm":0,"nm":"Fill 1","mn":"ADBE Vector Graphic - Fill","hd":false},{"ty":"tr","p":{"a":0,"k":[247.304,246.96],"ix":2},"a":{"a":0,"k":[0,0],"ix":1},"s":{"a":0,"k":[100,100],"ix":3},"r":{"a":0,"k":0,"ix":6},"o":{"a":0,"k":100,"ix":7},"sk":{"a":0,"k":0,"ix":4},"sa":{"a":0,"k":0,"ix":5},"nm":"Transform"}],"nm":"Group 5","np":3,"cix":2,"bm":0,"ix":5,"mn":"ADBE Vector Group","hd":false}],"ip":0,"op":300,"st":0,"bm":0}]}],"layers":[{"ddd":0,"ind":1,"ty":0,"nm":"Watermark","refId":"comp_0","sr":1,"ks":{"o":{"a":0,"k":50,"ix":11},"r":{"a":0,"k":0,"ix":10},"p":{"a":0,"k":[250,250,0],"ix":2},"a":{"a":0,"k":[500,500,0],"ix":1},"s":{"a":0,"k":[10,10,100],"ix":6}},"ao":0,"w":1000,"h":1000,"ip":240,"op":300,"st":240,"bm":0},{"ddd":0,"ind":2,"ty":0,"nm":"Watermark","refId":"comp_0","sr":1,"ks":{"o":{"a":0,"k":50,"ix":11},"r":{"a":0,"k":0,"ix":10},"p":{"a":0,"k":[250,250,0],"ix":2},"a":{"a":0,"k":[500,500,0],"ix":1},"s":{"a":0,"k":[10,10,100],"ix":6}},"ao":0,"w":1000,"h":1000,"ip":180,"op":240,"st":180,"bm":0},{"ddd":0,"ind":3,"ty":0,"nm":"Watermark","refId":"comp_0","sr":1,"ks":{"o":{"a":0,"k":50,"ix":11},"r":{"a":0,"k":0,"ix":10},"p":{"a":0,"k":[250,250,0],"ix":2},"a":{"a":0,"k":[500,500,0],"ix":1},"s":{"a":0,"k":[10,10,100],"ix":6}},"ao":0,"w":1000,"h":1000,"ip":120,"op":180,"st":120,"bm":0},{"ddd":0,"ind":4,"ty":0,"nm":"Watermark","refId":"comp_0","sr":1,"ks":{"o":{"a":0,"k":50,"ix":11},"r":{"a":0,"k":0,"ix":10},"p":{"a":0,"k":[250,250,0],"ix":2},"a":{"a":0,"k":[500,500,0],"ix":1},"s":{"a":0,"k":[10,10,100],"ix":6}},"ao":0,"w":1000,"h":1000,"ip":60,"op":120,"st":60,"bm":0},{"ddd":0,"ind":5,"ty":0,"nm":"Watermark","refId":"comp_0","sr":1,"ks":{"o":{"a":0,"k":50,"ix":11},"r":{"a":0,"k":0,"ix":10},"p":{"a":0,"k":[250,250,0],"ix":2},"a":{"a":0,"k":[500,500,0],"ix":1},"s":{"a":0,"k":[10,10,100],"ix":6}},"ao":0,"w":1000,"h":1000,"ip":0,"op":60,"st":0,"bm":0},{"ddd":0,"ind":6,"ty":0,"nm":"Chrome liquid fillup icon Lottie JSON animation","refId":"comp_2","sr":1,"ks":{"o":{"a":0,"k":100,"ix":11},"r":{"a":0,"k":0,"ix":10},"p":{"a":0,"k":[250,250,0],"ix":2},"a":{"a":0,"k":[250,250,0],"ix":1},"s":{"a":0,"k":[100,100,100],"ix":6}},"ao":0,"w":500,"h":500,"ip":0,"op":300,"st":0,"bm":0}],"markers":[]}