{"v":"5.12.1","fr":60,"ip":0,"op":240,"w":800,"h":800,"nm":"Eye_V2","ddd":0,"assets":[],"layers":[{"ddd":0,"ind":1,"ty":4,"nm":"E","sr":1,"ks":{"o":{"a":0,"k":100,"ix":11},"r":{"a":0,"k":0,"ix":10},"p":{"a":1,"k":[{"i":{"x":0.208,"y":1},"o":{"x":0.36,"y":0},"t":83,"s":[400,400,0],"to":[0,0,0],"ti":[0,0,0]},{"i":{"x":0.208,"y":1},"o":{"x":0.36,"y":0},"t":118,"s":[320,470,0],"to":[40,20.938,0],"ti":[-40,20.938,0]},{"i":{"x":0.208,"y":1},"o":{"x":0.36,"y":0},"t":157,"s":[480,470,0],"to":[0,0,0],"ti":[0,0,0]},{"t":200,"s":[400,400,0]}],"ix":2,"l":2},"a":{"a":0,"k":[24,24,0],"ix":1,"l":2},"s":{"a":0,"k":[1000,1000,100],"ix":6,"l":2}},"ao":0,"shapes":[{"ty":"gr","it":[{"ind":0,"ty":"sh","ix":1,"ks":{"a":0,"k":{"i":[[0.919,1.986],[-3.51,2.47],[-4.529,0],[-3.657,-2.573],[-1.814,-3.918]],"o":[[1.814,-3.918],[3.657,-2.572],[4.529,0],[3.51,2.469],[-0.895,1.932]],"v":[[-20.356,0],[-12.337,-9.624],[0,-13.5],[12.337,-9.623],[20.356,0]],"c":false},"ix":2},"nm":"EU_P","mn":"ADBE Vector Shape - Group","hd":false},{"ty":"tr","p":{"a":0,"k":[24,24],"ix":2},"a":{"a":0,"k":[0,0],"ix":1},"s":{"a":1,"k":[{"i":{"x":[0.999,0.999],"y":[1,0.95]},"o":{"x":[1,1],"y":[0,0]},"t":15,"s":[100,100]},{"i":{"x":[0.401,0.401],"y":[1,1]},"o":{"x":[0.807,0.807],"y":[0,0]},"t":25,"s":[100,-80]},{"i":{"x":[0.667,0.667],"y":[1,1]},"o":{"x":[0.167,0.167],"y":[0,0]},"t":32,"s":[100,100]},{"i":{"x":[0.85,0.85],"y":[1,1]},"o":{"x":[0.62,0.62],"y":[0,0]},"t":34,"s":[100,100]},{"i":{"x":[0.667,0.667],"y":[1,1]},"o":{"x":[0.333,0.333],"y":[0,0]},"t":37,"s":[100,-26]},{"i":{"x":[0.833,0.833],"y":[1,1]},"o":{"x":[0.167,0.167],"y":[0,0]},"t":42,"s":[100,100]},{"i":{"x":[0.999,0.999],"y":[1,0.95]},"o":{"x":[1,1],"y":[0,0]},"t":75,"s":[100,100]},{"i":{"x":[0.4,0.4],"y":[1,1]},"o":{"x":[0.81,0.81],"y":[0,0]},"t":90,"s":[100,-80]},{"i":{"x":[0.833,0.833],"y":[1,1]},"o":{"x":[0.167,0.167],"y":[0,0]},"t":100,"s":[100,64]},{"i":{"x":[0.999,0.999],"y":[1,0.98]},"o":{"x":[1,1],"y":[0,0]},"t":110,"s":[100,65]},{"i":{"x":[0.667,0.667],"y":[1,1]},"o":{"x":[0.333,0.333],"y":[0,0]},"t":125,"s":[100,55]},{"i":{"x":[0.833,0.833],"y":[1,1]},"o":{"x":[0.167,0.167],"y":[0,0]},"t":135,"s":[100,65]},{"i":{"x":[0.999,0.999],"y":[1,0.938]},"o":{"x":[1,1],"y":[0,0]},"t":150,"s":[100,65]},{"i":{"x":[0.24,0.24],"y":[1,1]},"o":{"x":[0.76,0.76],"y":[0,0]},"t":165,"s":[100,-80]},{"t":180,"s":[100,100]}],"ix":3},"r":{"a":0,"k":0,"ix":6},"o":{"a":0,"k":100,"ix":7},"sk":{"a":0,"k":0,"ix":4},"sa":{"a":0,"k":0,"ix":5},"nm":"Transform"}],"nm":"EU","np":1,"cix":2,"bm":0,"ix":1,"mn":"ADBE Vector Group","hd":false},{"ty":"gr","it":[{"ind":0,"ty":"sh","ix":1,"ks":{"a":0,"k":{"i":[[0.919,1.986],[-3.51,2.47],[-4.529,0],[-3.657,-2.573],[-1.814,-3.918]],"o":[[1.814,-3.918],[3.657,-2.572],[4.529,0],[3.51,2.469],[-0.895,1.932]],"v":[[-20.356,0],[-12.337,-9.624],[0,-13.5],[12.337,-9.623],[20.356,0]],"c":false},"ix":2},"nm":"EL_P","mn":"ADBE Vector Shape - Group","hd":false},{"ty":"tr","p":{"a":0,"k":[24,24],"ix":2},"a":{"a":0,"k":[0,0],"ix":1},"s":{"a":1,"k":[{"i":{"x":[0.999,0.999],"y":[1,0.95]},"o":{"x":[1,1],"y":[0,0]},"t":15,"s":[100,-100]},{"i":{"x":[0.401,0.401],"y":[1,1]},"o":{"x":[0.807,0.807],"y":[0,0]},"t":25,"s":[100,-90]},{"i":{"x":[0.667,0.667],"y":[1,1]},"o":{"x":[0.167,0.167],"y":[0,0]},"t":32,"s":[100,-100]},{"i":{"x":[0.85,0.85],"y":[1,1]},"o":{"x":[0.62,0.62],"y":[0,0]},"t":34,"s":[100,-100]},{"i":{"x":[0.667,0.667],"y":[1,1]},"o":{"x":[0.333,0.333],"y":[0,0]},"t":37,"s":[100,-90]},{"i":{"x":[0.833,0.833],"y":[1,1]},"o":{"x":[0.167,0.167],"y":[0,0]},"t":42,"s":[100,-100]},{"i":{"x":[0.999,0.999],"y":[1,0.95]},"o":{"x":[1,1],"y":[0,0]},"t":75,"s":[100,-100]},{"i":{"x":[0.4,0.4],"y":[1,1]},"o":{"x":[0.81,0.81],"y":[0,0]},"t":90,"s":[100,-90]},{"i":{"x":[0.833,0.833],"y":[1,1]},"o":{"x":[0.167,0.167],"y":[0,0]},"t":100,"s":[100,-100]},{"i":{"x":[0.999,0.999],"y":[1,0.98]},"o":{"x":[1,1],"y":[0,0]},"t":150,"s":[100,-100]},{"i":{"x":[0.24,0.24],"y":[1,1]},"o":{"x":[0.76,0.76],"y":[0,0]},"t":165,"s":[100,-90]},{"t":180,"s":[100,-100]}],"ix":3},"r":{"a":0,"k":0,"ix":6},"o":{"a":0,"k":100,"ix":7},"sk":{"a":0,"k":0,"ix":4},"sa":{"a":0,"k":0,"ix":5},"nm":"Transform"}],"nm":"EL","np":1,"cix":2,"bm":0,"ix":2,"mn":"ADBE Vector Group","hd":false},{"ty":"st","c":{"a":0,"k":[0,0,0,1],"ix":3},"o":{"a":0,"k":100,"ix":4},"w":{"a":0,"k":3,"ix":5},"lc":2,"lj":1,"ml":10,"bm":0,"nm":"E_S","mn":"ADBE Vector Graphic - Stroke","hd":false}],"ip":0,"op":240,"st":0,"ct":1,"bm":0},{"ddd":0,"ind":2,"ty":4,"nm":"P","sr":1,"ks":{"o":{"a":0,"k":100,"ix":11},"r":{"a":0,"k":0,"ix":10},"p":{"a":0,"k":[400,400,0],"ix":2,"l":2,"x":"var $bm_rt;\n$bm_rt = thisComp.layer('E').transform.position;"},"a":{"a":0,"k":[24,24,0],"ix":1,"l":2},"s":{"a":0,"k":[1000,1000,100],"ix":6,"l":2}},"ao":0,"hasMask":true,"masksProperties":[{"inv":false,"mode":"a","pt":{"a":1,"k":[{"i":{"x":0.999,"y":0.98},"o":{"x":1,"y":0},"t":15,"s":[{"i":[[15,0],[0,0],[-15.8,0],[0,0]],"o":[[-15,0],[0,0],[15.8,0],[0,0]],"v":[[24,10.3],[3.7,23.925],[24,37.55],[44.3,23.925]],"c":true}]},{"i":{"x":0.4,"y":1},"o":{"x":0.81,"y":0},"t":25,"s":[{"i":[[15,0],[0,0],[-15.8,0],[0,0]],"o":[[-15,0],[0,0],[15.8,0],[0,0]],"v":[[24,35.2],[3.7,23.925],[24,35.75],[44.3,23.925]],"c":true}]},{"i":{"x":0.667,"y":1},"o":{"x":0.333,"y":0},"t":32,"s":[{"i":[[15,0],[0,0],[-15.8,0],[0,0]],"o":[[-15,0],[0,0],[15.8,0],[0,0]],"v":[[24,10.3],[3.7,23.925],[24,37.55],[44.3,23.925]],"c":true}]},{"i":{"x":0.85,"y":1},"o":{"x":0.62,"y":0},"t":34,"s":[{"i":[[15,0],[0,0],[-15.8,0],[0,0]],"o":[[-15,0],[0,0],[15.8,0],[0,0]],"v":[[24,10.3],[3.7,23.925],[24,37.55],[44.3,23.925]],"c":true}]},{"i":{"x":0.667,"y":1},"o":{"x":0.333,"y":0},"t":37,"s":[{"i":[[15,0],[0,0],[-15.8,0],[0,0]],"o":[[-15,0],[0,0],[15.8,0],[0,0]],"v":[[24,27.4],[3.7,23.925],[24,36.3],[44.3,23.925]],"c":true}]},{"i":{"x":0.667,"y":1},"o":{"x":0.333,"y":0},"t":42,"s":[{"i":[[15,0],[0,0],[-15.8,0],[0,0]],"o":[[-15,0],[0,0],[15.8,0],[0,0]],"v":[[24,10.3],[3.7,23.925],[24,37.55],[44.3,23.925]],"c":true}]},{"i":{"x":0.999,"y":0.95},"o":{"x":1,"y":0},"t":75,"s":[{"i":[[15,0],[0,0],[-15.8,0],[0,0]],"o":[[-15,0],[0,0],[15.8,0],[0,0]],"v":[[24,10.3],[3.7,23.925],[24,37.55],[44.3,23.925]],"c":true}]},{"i":{"x":0.4,"y":1},"o":{"x":0.81,"y":0},"t":90,"s":[{"i":[[15,0],[0,0],[-15.8,0],[0,0]],"o":[[-15,0],[0,0],[15.8,0],[0,0]],"v":[[23.998,35],[3.7,23.925],[23.998,36.35],[44.3,23.925]],"c":true}]},{"i":{"x":0.667,"y":1},"o":{"x":1,"y":0},"t":100,"s":[{"i":[[15,0],[0,0],[-15.8,0],[0,0]],"o":[[-15,0],[0,0],[15.8,0],[0,0]],"v":[[23.968,15.2],[3.7,23.925],[24,37.55],[44.3,23.925]],"c":true}]},{"i":{"x":0.999,"y":0.95},"o":{"x":1,"y":0},"t":110,"s":[{"i":[[15,0],[0,0],[-15.8,0],[0,0]],"o":[[-15,0],[0,0],[15.8,0],[0,0]],"v":[[23.968,15.2],[3.7,23.925],[24,37.55],[44.3,23.925]],"c":true}]},{"i":{"x":0.67,"y":1},"o":{"x":0.33,"y":0},"t":125,"s":[{"i":[[15,0],[0,0],[-15.8,0],[0,0]],"o":[[-15,0],[0,0],[15.8,0],[0,0]],"v":[[23.969,16.45],[3.7,23.925],[24.01,36.25],[44.3,23.925]],"c":true}]},{"i":{"x":0.83,"y":1},"o":{"x":0.17,"y":0},"t":135,"s":[{"i":[[15,0],[0,0],[-15.8,0],[0,0]],"o":[[-15,0],[0,0],[15.8,0],[0,0]],"v":[[23.968,15.2],[3.7,23.925],[24,37.55],[44.3,23.925]],"c":true}]},{"i":{"x":0.999,"y":0.98},"o":{"x":1,"y":0},"t":150,"s":[{"i":[[15,0],[0,0],[-15.8,0],[0,0]],"o":[[-15,0],[0,0],[15.8,0],[0,0]],"v":[[23.968,15.2],[3.7,23.925],[24,37.55],[44.3,23.925]],"c":true}]},{"i":{"x":0.24,"y":1},"o":{"x":0.76,"y":0},"t":165,"s":[{"i":[[15,0],[0,0],[-15.8,0],[0,0]],"o":[[-15,0],[0,0],[15.8,0],[0,0]],"v":[[23.998,35],[3.7,23.925],[23.998,36.35],[44.3,23.925]],"c":true}]},{"t":180,"s":[{"i":[[15,0],[0,0],[-15.8,0],[0,0]],"o":[[-15,0],[0,0],[15.8,0],[0,0]],"v":[[24,10.3],[3.7,23.925],[24,37.55],[44.3,23.925]],"c":true}]}],"ix":1},"o":{"a":0,"k":100,"ix":3},"x":{"a":0,"k":0,"ix":4},"nm":"Mask 1"}],"shapes":[{"ty":"gr","it":[{"ind":0,"ty":"sh","ix":1,"ks":{"a":0,"k":{"i":[[0,-3.866],[-3.866,0],[0,3.866],[3.866,0]],"o":[[0,3.866],[3.866,0],[0,-3.866],[-3.866,0]],"v":[[-7,0],[0,7],[7,0],[0,-7]],"c":true},"ix":2},"nm":"P_P","mn":"ADBE Vector Shape - Group","hd":false},{"ty":"tr","p":{"a":1,"k":[{"i":{"x":0.566,"y":1},"o":{"x":0.723,"y":0},"t":83,"s":[24,24],"to":[0,0],"ti":[0,0]},{"i":{"x":0.667,"y":0.667},"o":{"x":0.333,"y":0.333},"t":100,"s":[15.253,28.697],"to":[0,0],"ti":[0,0]},{"i":{"x":0.57,"y":1},"o":{"x":0.72,"y":0},"t":118,"s":[15.253,28.697],"to":[0,0],"ti":[0,0]},{"i":{"x":0.57,"y":0.57},"o":{"x":0.72,"y":0.72},"t":135,"s":[32.337,28.697],"to":[0,0],"ti":[0,0]},{"i":{"x":0.24,"y":1},"o":{"x":0.72,"y":0},"t":157,"s":[32.337,28.697],"to":[0,0],"ti":[0,0]},{"t":180,"s":[24,24]}],"ix":2},"a":{"a":0,"k":[0,0],"ix":1},"s":{"a":0,"k":[100,100],"ix":3},"r":{"a":0,"k":0,"ix":6},"o":{"a":0,"k":100,"ix":7},"sk":{"a":0,"k":0,"ix":4},"sa":{"a":0,"k":0,"ix":5},"nm":"Transform"}],"nm":"P","np":1,"cix":2,"bm":0,"ix":1,"mn":"ADBE Vector Group","hd":false},{"ty":"st","c":{"a":0,"k":[0,0,0,1],"ix":3},"o":{"a":0,"k":100,"ix":4},"w":{"a":0,"k":3,"ix":5},"lc":1,"lj":1,"ml":10,"bm":0,"nm":"P_S","mn":"ADBE Vector Graphic - Stroke","hd":false},{"ty":"fl","c":{"a":0,"k":[0,0.702205657959,1,1],"ix":4},"o":{"a":0,"k":100,"ix":5},"r":1,"bm":0,"nm":"P_F","mn":"ADBE Vector Graphic - Fill","hd":false},{"ty":"gr","it":[{"ty":"rc","d":1,"s":{"a":0,"k":[60.281,63.335],"ix":2},"p":{"a":0,"k":[0,0],"ix":3},"r":{"a":0,"k":0,"ix":4},"nm":"R","mn":"ADBE Vector Shape - Rect","hd":false},{"ty":"fl","c":{"a":0,"k":[1,1,1,1],"ix":4},"o":{"a":0,"k":100,"ix":5},"r":1,"bm":0,"nm":"R_F","mn":"ADBE Vector Graphic - Fill","hd":false},{"ty":"tr","p":{"a":0,"k":[23.95,24.012],"ix":2},"a":{"a":0,"k":[0,0],"ix":1},"s":{"a":0,"k":[100,100],"ix":3},"r":{"a":0,"k":0,"ix":6},"o":{"a":0,"k":100,"ix":7},"sk":{"a":0,"k":0,"ix":4},"sa":{"a":0,"k":0,"ix":5},"nm":"Transform"}],"nm":"BG","np":2,"cix":2,"bm":0,"ix":4,"mn":"ADBE Vector Group","hd":false}],"ip":0,"op":240,"st":0,"ct":1,"bm":0}],"markers":[],"props":{}}