{"v":"4.8.0","meta":{"g":"LottieFiles AE 3.0.2","a":"","k":"","d":"","tc":""},"fr":30,"ip":0,"op":90,"w":500,"h":500,"nm":"Comp 1","ddd":0,"assets":[],"layers":[{"ddd":0,"ind":1,"ty":4,"nm":"Layer 8","sr":1,"ks":{"o":{"a":0,"k":100,"ix":11},"r":{"a":0,"k":0,"ix":10},"p":{"a":1,"k":[{"i":{"x":0.833,"y":0.833},"o":{"x":0.167,"y":0.167},"t":27,"s":[298.99,-43.727,0],"to":[-59.667,59.333,0],"ti":[59.667,-59.333,0]},{"t":86,"s":[-59.01,312.273,0]}],"ix":2},"a":{"a":0,"k":[0,0,0],"ix":1},"s":{"a":0,"k":[100,100,100],"ix":6}},"ao":0,"shapes":[{"ty":"gr","it":[{"ind":0,"ty":"sh","ix":1,"ks":{"a":0,"k":{"i":[[4.119,0],[0,0],[0,7.362],[-6.527,0.93],[0,0],[0,0],[-10.405,0],[0,-11.636],[0.909,-2.396],[0,0],[0,0],[0,-4.077]],"o":[[0,0],[-7.362,0],[0,-6.603],[0,0],[0,0],[1.497,-10.281],[11.636,0],[0,2.57],[0,0],[0,0],[4.075,0.108],[0,4.118]],"v":[[24.061,23.198],[-18.178,23.198],[-31.53,9.847],[-20.081,-3.367],[-18.292,-3.367],[-18.278,-5.165],[2.6,-23.198],[23.703,-2.095],[22.333,5.388],[21.062,8.667],[24.263,8.266],[31.53,15.729]],"c":true},"ix":2},"nm":"Path 1","mn":"ADBE Vector Shape - Group","hd":false},{"ind":1,"ty":"sh","ix":2,"ks":{"a":0,"k":{"i":[[5.036,1.327],[0,2.21],[13.98,0],[4.612,-4.023],[1.122,-5.379],[0,-8.181],[-9.705,0],[0,0],[0,6.462]],"o":[[0.562,-2.116],[0,-13.98],[-6.127,0],[-4.178,3.645],[-7.835,1.845],[0,9.705],[0,0],[6.462,0],[0,-5.454]],"v":[[27.102,4.407],[27.953,-2.095],[2.6,-27.448],[-14.055,-21.209],[-22.211,-7.285],[-35.78,9.847],[-18.178,27.448],[24.061,27.448],[35.78,15.729]],"c":true},"ix":2},"nm":"Path 2","mn":"ADBE Vector Shape - Group","hd":false},{"ty":"fl","c":{"a":0,"k":[0,0.866666674614,0.701960802078,1],"ix":4},"o":{"a":0,"k":100,"ix":5},"r":1,"bm":0,"nm":"Fill 1","mn":"ADBE Vector Graphic - Fill","hd":false},{"ty":"tr","p":{"a":0,"k":[0,0],"ix":2},"a":{"a":0,"k":[0,0],"ix":1},"s":{"a":0,"k":[100,100],"ix":3},"r":{"a":0,"k":0,"ix":6},"o":{"a":0,"k":100,"ix":7},"sk":{"a":0,"k":0,"ix":4},"sa":{"a":0,"k":0,"ix":5},"nm":"Transform"}],"nm":"Group 1","np":3,"cix":2,"bm":0,"ix":1,"mn":"ADBE Vector Group","hd":false}],"ip":0,"op":90,"st":0,"bm":0},{"ddd":0,"ind":2,"ty":4,"nm":"Layer 7","sr":1,"ks":{"o":{"a":0,"k":100,"ix":11},"r":{"a":0,"k":0,"ix":10},"p":{"a":1,"k":[{"i":{"x":0.833,"y":0.833},"o":{"x":0.167,"y":0.167},"t":0,"s":[572.847,75.833,0],"to":[-84,82,0],"ti":[84,-82,0]},{"t":70,"s":[68.847,567.833,0]}],"ix":2},"a":{"a":0,"k":[0,0,0],"ix":1},"s":{"a":0,"k":[100,100,100],"ix":6}},"ao":0,"shapes":[{"ty":"gr","it":[{"ind":0,"ty":"sh","ix":1,"ks":{"a":0,"k":{"i":[[7.538,0],[0,0],[0,13.474],[-11.946,1.703],[0,0],[0,0],[-19.044,0],[0,-21.297],[1.664,-4.385],[0,0],[0,0],[0,-7.461]],"o":[[0,0],[-13.474,0],[0,-12.085],[0,0],[0,0],[2.74,-18.816],[21.297,0],[0,4.703],[0,0],[0,0],[7.458,0.198],[0,7.538]],"v":[[44.038,42.459],[-33.272,42.459],[-57.708,18.022],[-36.753,-6.163],[-33.48,-6.163],[-33.453,-9.453],[4.759,-42.459],[43.382,-3.835],[40.876,9.861],[38.55,15.863],[44.409,15.129],[57.708,28.788]],"c":true},"ix":2},"nm":"Path 1","mn":"ADBE Vector Shape - Group","hd":false},{"ind":1,"ty":"sh","ix":2,"ks":{"a":0,"k":{"i":[[9.218,2.428],[0,4.045],[25.587,0],[8.442,-7.364],[2.053,-9.845],[0,-14.973],[-17.764,0],[0,0],[0,11.827]],"o":[[1.029,-3.872],[0,-25.587],[-11.215,0],[-7.648,6.671],[-14.341,3.376],[0,17.764],[0,0],[11.827,0],[0,-9.982]],"v":[[49.603,8.067],[51.161,-3.835],[4.759,-50.237],[-25.724,-38.818],[-40.652,-13.334],[-65.487,18.022],[-33.272,50.237],[44.038,50.237],[65.487,28.788]],"c":true},"ix":2},"nm":"Path 2","mn":"ADBE Vector Shape - Group","hd":false},{"ty":"fl","c":{"a":0,"k":[0,0.866666674614,0.701960802078,1],"ix":4},"o":{"a":0,"k":100,"ix":5},"r":1,"bm":0,"nm":"Fill 1","mn":"ADBE Vector Graphic - Fill","hd":false},{"ty":"tr","p":{"a":0,"k":[0,0],"ix":2},"a":{"a":0,"k":[0,0],"ix":1},"s":{"a":0,"k":[100,100],"ix":3},"r":{"a":0,"k":0,"ix":6},"o":{"a":0,"k":100,"ix":7},"sk":{"a":0,"k":0,"ix":4},"sa":{"a":0,"k":0,"ix":5},"nm":"Transform"}],"nm":"Group 1","np":3,"cix":2,"bm":0,"ix":1,"mn":"ADBE Vector Group","hd":false}],"ip":0,"op":90,"st":0,"bm":0},{"ddd":0,"ind":3,"ty":4,"nm":"Layer 6","parent":7,"sr":1,"ks":{"o":{"a":0,"k":100,"ix":11},"r":{"a":0,"k":0,"ix":10},"p":{"a":0,"k":[-73.652,77.158,0],"ix":2},"a":{"a":0,"k":[0,0,0],"ix":1},"s":{"a":0,"k":[100,100,100],"ix":6}},"ao":0,"shapes":[{"ty":"gr","it":[{"ind":0,"ty":"sh","ix":1,"ks":{"a":0,"k":{"i":[[0,0],[0,0]],"o":[[0,0],[0,0]],"v":[[42.916,-42.916],[-42.916,42.916]],"c":false},"ix":2},"nm":"Path 1","mn":"ADBE Vector Shape - Group","hd":false},{"ty":"st","c":{"a":0,"k":[0,0.866666674614,0.701960802078,1],"ix":3},"o":{"a":0,"k":100,"ix":4},"w":{"a":0,"k":12,"ix":5},"lc":2,"lj":2,"bm":0,"nm":"Stroke 1","mn":"ADBE Vector Graphic - Stroke","hd":false},{"ty":"tr","p":{"a":0,"k":[0,0],"ix":2},"a":{"a":0,"k":[0,0],"ix":1},"s":{"a":0,"k":[100,100],"ix":3},"r":{"a":0,"k":0,"ix":6},"o":{"a":0,"k":100,"ix":7},"sk":{"a":0,"k":0,"ix":4},"sa":{"a":0,"k":0,"ix":5},"nm":"Transform"}],"nm":"Group 1","np":2,"cix":2,"bm":0,"ix":1,"mn":"ADBE Vector Group","hd":false},{"ty":"tm","s":{"a":1,"k":[{"i":{"x":[0.667],"y":[1]},"o":{"x":[0.333],"y":[0]},"t":78.75,"s":[0]},{"t":90,"s":[100]}],"ix":1},"e":{"a":1,"k":[{"i":{"x":[0.667],"y":[1]},"o":{"x":[0.333],"y":[0]},"t":67.5,"s":[0]},{"t":78.75,"s":[100]}],"ix":2},"o":{"a":0,"k":0,"ix":3},"m":1,"ix":2,"nm":"Trim Paths 1","mn":"ADBE Vector Filter - Trim","hd":false}],"ip":0,"op":90,"st":0,"bm":0},{"ddd":0,"ind":4,"ty":4,"nm":"Layer 5","parent":7,"sr":1,"ks":{"o":{"a":0,"k":100,"ix":11},"r":{"a":0,"k":0,"ix":10},"p":{"a":0,"k":[38.608,43.538,0],"ix":2},"a":{"a":0,"k":[0,0,0],"ix":1},"s":{"a":0,"k":[100,100,100],"ix":6}},"ao":0,"shapes":[{"ty":"gr","it":[{"ind":0,"ty":"sh","ix":1,"ks":{"a":0,"k":{"i":[[0,0],[0,0]],"o":[[0,0],[0,0]],"v":[[42.916,-42.916],[-42.916,42.916]],"c":false},"ix":2},"nm":"Path 1","mn":"ADBE Vector Shape - Group","hd":false},{"ty":"st","c":{"a":0,"k":[0,0.866666674614,0.701960802078,1],"ix":3},"o":{"a":0,"k":100,"ix":4},"w":{"a":0,"k":12,"ix":5},"lc":2,"lj":2,"bm":0,"nm":"Stroke 1","mn":"ADBE Vector Graphic - Stroke","hd":false},{"ty":"tr","p":{"a":0,"k":[0,0],"ix":2},"a":{"a":0,"k":[0,0],"ix":1},"s":{"a":0,"k":[100,100],"ix":3},"r":{"a":0,"k":0,"ix":6},"o":{"a":0,"k":100,"ix":7},"sk":{"a":0,"k":0,"ix":4},"sa":{"a":0,"k":0,"ix":5},"nm":"Transform"}],"nm":"Group 1","np":2,"cix":2,"bm":0,"ix":1,"mn":"ADBE Vector Group","hd":false},{"ty":"tm","s":{"a":1,"k":[{"i":{"x":[0.667],"y":[1]},"o":{"x":[0.333],"y":[0]},"t":56.25,"s":[0]},{"t":67.5,"s":[100]}],"ix":1},"e":{"a":1,"k":[{"i":{"x":[0.667],"y":[1]},"o":{"x":[0.333],"y":[0]},"t":45,"s":[0]},{"t":56.25,"s":[100]}],"ix":2},"o":{"a":0,"k":0,"ix":3},"m":1,"ix":2,"nm":"Trim Paths 1","mn":"ADBE Vector Filter - Trim","hd":false}],"ip":0,"op":90,"st":0,"bm":0},{"ddd":0,"ind":5,"ty":4,"nm":"Layer 4","parent":7,"sr":1,"ks":{"o":{"a":0,"k":100,"ix":11},"r":{"a":0,"k":0,"ix":10},"p":{"a":0,"k":[-4.308,-64.217,0],"ix":2},"a":{"a":0,"k":[0,0,0],"ix":1},"s":{"a":0,"k":[100,100,100],"ix":6}},"ao":0,"shapes":[{"ty":"gr","it":[{"ind":0,"ty":"sh","ix":1,"ks":{"a":0,"k":{"i":[[0,0],[0,0]],"o":[[0,0],[0,0]],"v":[[42.916,-42.916],[-42.916,42.916]],"c":false},"ix":2},"nm":"Path 1","mn":"ADBE Vector Shape - Group","hd":false},{"ty":"st","c":{"a":0,"k":[0,0.866666674614,0.701960802078,1],"ix":3},"o":{"a":0,"k":100,"ix":4},"w":{"a":0,"k":12,"ix":5},"lc":2,"lj":2,"bm":0,"nm":"Stroke 1","mn":"ADBE Vector Graphic - Stroke","hd":false},{"ty":"tr","p":{"a":0,"k":[0,0],"ix":2},"a":{"a":0,"k":[0,0],"ix":1},"s":{"a":0,"k":[100,100],"ix":3},"r":{"a":0,"k":0,"ix":6},"o":{"a":0,"k":100,"ix":7},"sk":{"a":0,"k":0,"ix":4},"sa":{"a":0,"k":0,"ix":5},"nm":"Transform"}],"nm":"Group 1","np":2,"cix":2,"bm":0,"ix":1,"mn":"ADBE Vector Group","hd":false},{"ty":"tm","s":{"a":1,"k":[{"i":{"x":[0.667],"y":[1]},"o":{"x":[0.333],"y":[0]},"t":33.75,"s":[0]},{"t":45,"s":[100]}],"ix":1},"e":{"a":1,"k":[{"i":{"x":[0.667],"y":[1]},"o":{"x":[0.333],"y":[0]},"t":22.5,"s":[0]},{"t":33.75,"s":[100]}],"ix":2},"o":{"a":0,"k":0,"ix":3},"m":1,"ix":2,"nm":"Trim Paths 1","mn":"ADBE Vector Filter - Trim","hd":false}],"ip":0,"op":90,"st":0,"bm":0},{"ddd":0,"ind":6,"ty":4,"nm":"Layer 3","parent":7,"sr":1,"ks":{"o":{"a":0,"k":100,"ix":11},"r":{"a":0,"k":0,"ix":10},"p":{"a":0,"k":[128.636,-125.074,0],"ix":2},"a":{"a":0,"k":[0,0,0],"ix":1},"s":{"a":0,"k":[100,100,100],"ix":6}},"ao":0,"shapes":[{"ty":"gr","it":[{"ind":0,"ty":"sh","ix":1,"ks":{"a":0,"k":{"i":[[0,0],[0,0]],"o":[[0,0],[0,0]],"v":[[42.916,-42.916],[-42.916,42.916]],"c":false},"ix":2},"nm":"Path 1","mn":"ADBE Vector Shape - Group","hd":false},{"ty":"st","c":{"a":0,"k":[0,0.866666674614,0.701960802078,1],"ix":3},"o":{"a":0,"k":100,"ix":4},"w":{"a":0,"k":12,"ix":5},"lc":2,"lj":2,"bm":0,"nm":"Stroke 1","mn":"ADBE Vector Graphic - Stroke","hd":false},{"ty":"tr","p":{"a":0,"k":[0,0],"ix":2},"a":{"a":0,"k":[0,0],"ix":1},"s":{"a":0,"k":[100,100],"ix":3},"r":{"a":0,"k":0,"ix":6},"o":{"a":0,"k":100,"ix":7},"sk":{"a":0,"k":0,"ix":4},"sa":{"a":0,"k":0,"ix":5},"nm":"Transform"}],"nm":"Group 1","np":2,"cix":2,"bm":0,"ix":1,"mn":"ADBE Vector Group","hd":false},{"ty":"tm","s":{"a":1,"k":[{"i":{"x":[0.667],"y":[1]},"o":{"x":[0.333],"y":[0]},"t":11.25,"s":[0]},{"t":22.5,"s":[100]}],"ix":1},"e":{"a":1,"k":[{"i":{"x":[0.667],"y":[1]},"o":{"x":[0.333],"y":[0]},"t":0,"s":[0]},{"t":11.25,"s":[100]}],"ix":2},"o":{"a":0,"k":0,"ix":3},"m":1,"ix":2,"nm":"Trim Paths 1","mn":"ADBE Vector Filter - Trim","hd":false}],"ip":0,"op":90,"st":0,"bm":0},{"ddd":0,"ind":7,"ty":4,"nm":"Layer 1","sr":1,"ks":{"o":{"a":0,"k":100,"ix":11},"r":{"a":0,"k":0,"ix":10},"p":{"a":1,"k":[{"i":{"x":0.667,"y":1},"o":{"x":0.333,"y":0},"t":0,"s":[237.372,237.99,0],"to":[1.667,-5.667,0],"ti":[0,0,0]},{"i":{"x":0.667,"y":0.873},"o":{"x":0.333,"y":0},"t":29,"s":[247.372,203.99,0],"to":[0,0,0],"ti":[2.328,-7.916,0]},{"i":{"x":0.667,"y":1},"o":{"x":0.333,"y":0.231},"t":59,"s":[214.904,271.184,0],"to":[-2.266,7.704,0],"ti":[0.822,-2.795,0]},{"t":90,"s":[237.372,237.99,0]}],"ix":2},"a":{"a":0,"k":[0,0,0],"ix":1},"s":{"a":0,"k":[100,100,100],"ix":6}},"ao":0,"shapes":[{"ty":"gr","it":[{"ind":0,"ty":"sh","ix":1,"ks":{"a":0,"k":{"i":[[0,0],[0,0],[0,0],[0,0]],"o":[[0,0],[0,0],[0,0],[0,0]],"v":[[75.019,85.732],[29.765,9.999],[80.379,-40.614],[88.889,85.732]],"c":true},"ix":2},"nm":"Path 1","mn":"ADBE Vector Shape - Group","hd":false},{"ind":1,"ty":"sh","ix":2,"ks":{"a":0,"k":{"i":[[0,0],[0,0],[0,0],[0,0],[-4.334,-0.423],[-0.282,-0.325],[-0.595,-0.594],[-0.704,-0.268],[-0.197,-2.042],[28.067,-28.067],[0,0]],"o":[[0,0],[0,0],[0,0],[28.066,-28.067],[2.042,0.197],[0.27,0.705],[0.594,0.595],[0.325,0.282],[0.417,4.315],[0,0],[0,0]],"v":[[-33.969,50.25],[-50.25,33.969],[-4.68,-18.115],[58.44,-81.235],[103.888,-110.947],[107.104,-109.618],[108.198,-108.181],[109.619,-107.104],[110.946,-103.888],[81.235,-58.441],[18.115,4.679]],"c":true},"ix":2},"nm":"Path 2","mn":"ADBE Vector Shape - Group","hd":false},{"ind":2,"ty":"sh","ix":3,"ks":{"a":0,"k":{"i":[[0,0],[0,0],[0,0],[0,0],[0,0],[0,0],[0,0]],"o":[[0,0],[0,0],[0,0],[0,0],[0,0],[0,0],[0,0]],"v":[[-17.863,103.667],[-22.699,108.503],[-63.551,67.651],[-108.503,22.699],[-103.667,17.863],[-62.035,39.153],[-39.153,62.036]],"c":true},"ix":2},"nm":"Path 3","mn":"ADBE Vector Shape - Group","hd":false},{"ind":3,"ty":"sh","ix":4,"ks":{"a":0,"k":{"i":[[0,0],[0,0],[0,0],[0,0],[0,0]],"o":[[0,0],[0,0],[0,0],[0,0],[0,0]],"v":[[-85.732,-88.889],[40.614,-80.379],[16.648,-56.413],[-10,-29.765],[-85.732,-75.02]],"c":true},"ix":2},"nm":"Path 4","mn":"ADBE Vector Shape - Group","hd":false},{"ind":4,"ty":"sh","ix":5,"ks":{"a":0,"k":{"i":[[0,0],[2.14,12.99],[1.962,1.493],[5.692,0.938],[23.169,-22.754],[0,0],[1.213,-1.135],[0,-1.661],[0,0],[-1.812,-1.083],[0,0],[0,0],[0,0],[1.84,-1.839],[0,0],[-2.343,-2.343],[0,0],[-0.015,-0.015],[0,0],[-0.015,-0.015],[0,0],[-1.536,0],[-1.171,1.172],[0,0],[1.185,2.316],[0,0],[0,0],[0,0],[-2.111,0],[0,0],[-1.135,1.214],[0.111,1.657]],"o":[[22.755,-23.171],[-0.938,-5.692],[-1.494,-1.962],[-12.995,-2.136],[0,0],[-1.658,-0.114],[-1.213,1.135],[0,0],[0,2.111],[0,0],[0,0],[0,0],[-2.318,-1.185],[0,0],[-2.343,2.343],[0,0],[0.015,0.016],[0,0],[0.015,0.016],[0,0],[1.171,1.172],[1.536,0],[0,0],[1.84,-1.84],[0,0],[0,0],[0,0],[1.083,1.812],[0,0],[1.661,0],[1.135,-1.214],[0,0]],"v":[[91.646,-51.901],[122.716,-106.387],[116.748,-116.748],[106.387,-122.716],[51.901,-91.646],[-91.329,-101.293],[-95.83,-99.69],[-97.732,-95.307],[-97.732,-71.615],[-94.81,-66.465],[-18.315,-20.755],[-59.896,26.769],[-102.09,5.191],[-109.065,6.29],[-121.231,18.457],[-121.231,26.941],[-118.684,29.488],[-118.639,29.534],[-29.534,118.638],[-29.488,118.684],[-26.942,121.23],[-22.699,122.988],[-18.457,121.23],[-6.291,109.064],[-5.192,102.091],[-26.77,59.896],[20.754,18.315],[66.465,94.81],[71.615,97.732],[95.307,97.732],[99.689,95.83],[101.293,91.329]],"c":true},"ix":2},"nm":"Path 5","mn":"ADBE Vector Shape - Group","hd":false},{"ty":"fl","c":{"a":0,"k":[0,0.866666674614,0.701960802078,1],"ix":4},"o":{"a":0,"k":100,"ix":5},"r":1,"bm":0,"nm":"Fill 1","mn":"ADBE Vector Graphic - Fill","hd":false},{"ty":"tr","p":{"a":0,"k":[0,0],"ix":2},"a":{"a":0,"k":[0,0],"ix":1},"s":{"a":0,"k":[100,100],"ix":3},"r":{"a":0,"k":0,"ix":6},"o":{"a":0,"k":100,"ix":7},"sk":{"a":0,"k":0,"ix":4},"sa":{"a":0,"k":0,"ix":5},"nm":"Transform"}],"nm":"Group 1","np":6,"cix":2,"bm":0,"ix":1,"mn":"ADBE Vector Group","hd":false}],"ip":0,"op":90,"st":0,"bm":0},{"ddd":0,"ind":8,"ty":4,"nm":"Layer 2","parent":7,"sr":1,"ks":{"o":{"a":0,"k":100,"ix":11},"r":{"a":0,"k":0,"ix":10},"p":{"a":0,"k":[7.798,-8.084,0],"ix":2},"a":{"a":0,"k":[245.17,229.907,0],"ix":1},"s":{"a":0,"k":[100,100,100],"ix":6}},"ao":0,"shapes":[{"ty":"gr","it":[{"ind":0,"ty":"sh","ix":1,"ks":{"a":0,"k":{"i":[[2.499,2.167],[2.173,-2.492],[5.653,-0.193],[1.63,1.521],[-0.066,1.949],[-2.167,1.891],[2.162,2.506],[2.509,-2.163],[0.437,-11.884],[-3.402,-3.87],[-0.162,-0.162],[-0.098,-0.095],[-0.096,-0.096],[-0.164,-0.133],[-4.68,0],[-0.239,0.009],[-1.084,1.257]],"o":[[-2.5,-2.168],[-1.889,2.167],[-1.947,0.068],[-1.529,-1.634],[0.193,-5.652],[2.499,-2.166],[-2.166,-2.509],[-1.256,1.085],[-0.181,4.94],[0.139,0.174],[0.097,0.097],[0.094,0.097],[0.153,0.153],[3.688,3.254],[0.238,0],[11.885,-0.437],[2.161,-2.504]],"v":[[20.005,0.891],[11.546,1.486],[-2.662,10.074],[-7.915,7.929],[-10.073,2.663],[-1.487,-11.545],[-0.874,-19.998],[-9.337,-20.621],[-22.064,2.201],[-17.128,15.613],[-16.703,16.132],[-16.403,16.407],[-16.132,16.704],[-15.641,17.105],[-2.917,22.077],[-2.201,22.064],[20.621,9.337]],"c":true},"ix":2},"nm":"Path 1","mn":"ADBE Vector Shape - Group","hd":false},{"ty":"fl","c":{"a":0,"k":[0,0,0,1],"ix":4},"o":{"a":0,"k":100,"ix":5},"r":1,"bm":0,"nm":"Fill 1","mn":"ADBE Vector Graphic - Fill","hd":false},{"ty":"tr","p":{"a":0,"k":[161.911,312.879],"ix":2},"a":{"a":0,"k":[0,0],"ix":1},"s":{"a":0,"k":[100,100],"ix":3},"r":{"a":0,"k":0,"ix":6},"o":{"a":0,"k":100,"ix":7},"sk":{"a":0,"k":0,"ix":4},"sa":{"a":0,"k":0,"ix":5},"nm":"Transform"}],"nm":"Group 1","np":2,"cix":2,"bm":0,"ix":1,"mn":"ADBE Vector Group","hd":false},{"ty":"gr","it":[{"ind":0,"ty":"sh","ix":1,"ks":{"a":0,"k":{"i":[[2.344,2.343],[2.342,-2.344],[0,0],[-2.344,-2.343],[-1.535,0],[-1.171,1.172],[0,0]],"o":[[-2.342,-2.344],[0,0],[-2.344,2.343],[1.171,1.172],[1.535,0],[0,0],[2.344,-2.343]],"v":[[11.371,-11.371],[2.886,-11.371],[-11.371,2.886],[-11.371,11.371],[-7.128,13.128],[-2.886,11.371],[11.371,-2.886]],"c":true},"ix":2},"nm":"Path 1","mn":"ADBE Vector Shape - Group","hd":false},{"ty":"fl","c":{"a":0,"k":[0,0,0,1],"ix":4},"o":{"a":0,"k":100,"ix":5},"r":1,"bm":0,"nm":"Fill 1","mn":"ADBE Vector Graphic - Fill","hd":false},{"ty":"tr","p":{"a":0,"k":[337.377,281.529],"ix":2},"a":{"a":0,"k":[0,0],"ix":1},"s":{"a":0,"k":[100,100],"ix":3},"r":{"a":0,"k":0,"ix":6},"o":{"a":0,"k":100,"ix":7},"sk":{"a":0,"k":0,"ix":4},"sa":{"a":0,"k":0,"ix":5},"nm":"Transform"}],"nm":"Group 2","np":2,"cix":2,"bm":0,"ix":2,"mn":"ADBE Vector Group","hd":false},{"ty":"gr","it":[{"ind":0,"ty":"sh","ix":1,"ks":{"a":0,"k":{"i":[[-1.171,1.172],[0,0],[2.344,2.343],[2.342,-2.343],[0,0],[-2.344,-2.343],[-1.535,0]],"o":[[0,0],[2.344,-2.343],[-2.342,-2.343],[0,0],[-2.344,2.343],[1.171,1.172],[1.535,0]],"v":[[-2.886,11.371],[11.371,-2.886],[11.371,-11.371],[2.886,-11.371],[-11.371,2.886],[-11.371,11.371],[-7.128,13.128]],"c":true},"ix":2},"nm":"Path 1","mn":"ADBE Vector Shape - Group","hd":false},{"ty":"fl","c":{"a":0,"k":[0,0,0,1],"ix":4},"o":{"a":0,"k":100,"ix":5},"r":1,"bm":0,"nm":"Fill 1","mn":"ADBE Vector Graphic - Fill","hd":false},{"ty":"tr","p":{"a":0,"k":[334.47,239.023],"ix":2},"a":{"a":0,"k":[0,0],"ix":1},"s":{"a":0,"k":[100,100],"ix":3},"r":{"a":0,"k":0,"ix":6},"o":{"a":0,"k":100,"ix":7},"sk":{"a":0,"k":0,"ix":4},"sa":{"a":0,"k":0,"ix":5},"nm":"Transform"}],"nm":"Group 3","np":2,"cix":2,"bm":0,"ix":3,"mn":"ADBE Vector Group","hd":false},{"ty":"gr","it":[{"ind":0,"ty":"sh","ix":1,"ks":{"a":0,"k":{"i":[[2.343,-2.343],[0,0],[-2.343,-2.343],[-1.536,0],[-1.171,1.171],[0,0],[2.343,2.343]],"o":[[0,0],[-2.343,2.343],[1.171,1.171],[1.536,0],[0,0],[2.343,-2.343],[-2.343,-2.343]],"v":[[2.886,-11.371],[-11.371,2.886],[-11.371,11.371],[-7.128,13.128],[-2.886,11.371],[11.371,-2.886],[11.371,-11.371]],"c":true},"ix":2},"nm":"Path 1","mn":"ADBE Vector Shape - Group","hd":false},{"ty":"fl","c":{"a":0,"k":[0,0,0,1],"ix":4},"o":{"a":0,"k":100,"ix":5},"r":1,"bm":0,"nm":"Fill 1","mn":"ADBE Vector Graphic - Fill","hd":false},{"ty":"tr","p":{"a":0,"k":[193.834,137.985],"ix":2},"a":{"a":0,"k":[0,0],"ix":1},"s":{"a":0,"k":[100,100],"ix":3},"r":{"a":0,"k":0,"ix":6},"o":{"a":0,"k":100,"ix":7},"sk":{"a":0,"k":0,"ix":4},"sa":{"a":0,"k":0,"ix":5},"nm":"Transform"}],"nm":"Group 4","np":2,"cix":2,"bm":0,"ix":4,"mn":"ADBE Vector Group","hd":false},{"ty":"gr","it":[{"ind":0,"ty":"sh","ix":1,"ks":{"a":0,"k":{"i":[[2.343,-2.343],[0,0],[-2.343,-2.343],[-1.536,0],[-1.171,1.171],[0,0],[2.343,2.343]],"o":[[0,0],[-2.343,2.343],[1.171,1.171],[1.536,0],[0,0],[2.343,-2.343],[-2.343,-2.343]],"v":[[2.886,-11.371],[-11.371,2.886],[-11.371,11.371],[-7.128,13.128],[-2.886,11.371],[11.371,-2.886],[11.371,-11.371]],"c":true},"ix":2},"nm":"Path 1","mn":"ADBE Vector Shape - Group","hd":false},{"ty":"fl","c":{"a":0,"k":[0,0,0,1],"ix":4},"o":{"a":0,"k":100,"ix":5},"r":1,"bm":0,"nm":"Fill 1","mn":"ADBE Vector Graphic - Fill","hd":false},{"ty":"tr","p":{"a":0,"k":[236.339,140.893],"ix":2},"a":{"a":0,"k":[0,0],"ix":1},"s":{"a":0,"k":[100,100],"ix":3},"r":{"a":0,"k":0,"ix":6},"o":{"a":0,"k":100,"ix":7},"sk":{"a":0,"k":0,"ix":4},"sa":{"a":0,"k":0,"ix":5},"nm":"Transform"}],"nm":"Group 5","np":2,"cix":2,"bm":0,"ix":5,"mn":"ADBE Vector Group","hd":false}],"ip":0,"op":90,"st":0,"bm":0}],"markers":[]}