{
    "gamesList": [
    {
      "title": "PUBG GLOBAL",
      "package": "com.tencent.ig",
      "version": "4.0.0",
      "status": "Safe"
    },
    {
      "title": "PUBG KOREA",
      "package": "com.pubg.krmobile",
      "version": "4.0.0",
      "status": "Safe"
    },
      {
        "title": "PUBG VIETNAM",
        "package": "com.vng.pubgmobile",
        "version": "4.0.0",
        "status": "Safe"
      },
    {
      "title": "PUBG TAIWAN",
      "package": "com.rekoo.pubgm",
      "version": "4.0.0",
      "status": "Safe"
    },
      {
        "title": "PUBG INDIA",
        "package": "com.pubg.imobile",
        "version": "4.0.0",
        "status": "Safe"
      }
  ]
}